name, state, district, office_time, website, contact, party,id
 Representative Ralph Lee Abraham,Louisiana,5,House: 114th-116th (2015-Present),https://abraham.house.gov/,"417 Cannon House Office Building, (202) 225-8490",Republican,1
 Representative Alma S. Adams,North Carolina,12,House: 113th-116th (2014-Present),https://adams.house.gov,"2436 Rayburn House Office Building, (202) 225-1510",Democratic,2
 Representative Robert B. Aderholt,Alabama,4,House: 105th-116th (1997-Present),https://aderholt.house.gov/,"1203 Longworth House Office Building, (202) 225-4876",Republican,3
 Representative Pete Aguilar,California,31,House: 114th-116th (2015-Present),https://aguilar.house.gov/,"109 Cannon House Office Building, (202) 225-3201",Democratic,4
 Senator Lamar Alexander,Tennessee,None,Senate: 108th-116th (2003-Present),http://www.alexander.senate.gov/,"455 Dirksen Senate Office Building Washington DC 20510, (202) 224-4944",Republican,5
 Representative Rick W. Allen,Georgia,12,House: 114th-116th (2015-Present),https://allen.house.gov,"2400 Rayburn House Office Building, (202) 225-2823",Republican,6
 Representative Colin Z. Allred,Texas,32,House: 116th (2019-Present),https://allred.house.gov/,"328 Cannon House Office Building, (202) 225-2231",Democratic,7
 Representative Justin Amash,Michigan,3,House: 112th-116th (2011-Present),https://amash.house.gov/,"106 Cannon House Office Building, (202) 225-3831",Republican,8
 Representative Mark E. Amodei,Nevada,2,House: 112th-116th (2011-Present),https://amodei.house.gov,"104 Cannon House Office Building, (202) 225-6155",Republican,9
 Representative Kelly Armstrong,North Dakota,At Large,House: 116th (2019-Present),https://armstrong.house.gov,"1004 Longworth House Office Building, (202) 225-2611",Republican,10
 Representative Jodey C. Arrington,Texas,19,House: 115th-116th (2017-Present),https://arrington.house.gov,"1029 Longworth House Office Building, (202) 225-4005",Republican,11
 Representative Cynthia Axne,Iowa,3,House: 116th (2019-Present),https://axne.house.gov/,"330 Cannon House Office Building, (202) 225-5476",Democratic,12
 Representative Brian Babin,Texas,36,House: 114th-116th (2015-Present),https://babin.house.gov,"2236 Rayburn House Office Building, (202) 225-1555",Republican,13
 Representative Don Bacon,Nebraska,2,House: 115th-116th (2017-Present),https://bacon.house.gov,"1024 Longworth House Office Building, (202) 225-4155",Republican,14
 Representative James R. Baird,Indiana,4,House: 116th (2019-Present),https://baird.house.gov/,"532 Cannon House Office Building, (202) 225-5037",Republican,15
 Representative Troy Balderson,Ohio,12,House: 115th-116th (2018-Present),https://balderson.house.gov,"1221 Longworth House Office Building, (202) 225-5355",Republican,16
 Senator Tammy Baldwin,Wisconsin,None,Senate: 113th-116th (2013-Present),http://www.baldwin.senate.gov/,"709 Hart Senate Office Building Washington DC 20510, (202) 224-5653",Democratic,17
 Representative Jim Banks,Indiana,3,House: 115th-116th (2017-Present),https://banks.house.gov,"1713 Longworth House Office Building, (202) 225-4436",Republican,18
 Representative Andy Barr,Kentucky,6,House: 113th-116th (2013-Present),https://barr.house.gov/,"2430 Rayburn House Office Building, (202) 225-4706",Republican,19
 Representative Nanette Diaz Barragan,California,44,House: 115th-116th (2017-Present),https://barragan.house.gov,"1030 Longworth House Office Building, (202) 225-8220",Democratic,20
 Senator John  Barrasso,Wyoming,None,Senate: 110th-116th (2007-Present),http://www.barrasso.senate.gov,"307 Dirksen Senate Office Building Washington DC 20510, (202) 224-6441",Republican,21
 Representative Karen Bass,California,37,House: 113th-116th (2013-Present),https://bass.house.gov/,"2059 Rayburn House Office Building, (202) 225-7084",Democratic,22
 Representative Joyce Beatty,Ohio,3,House: 113th-116th (2013-Present),https://beatty.house.gov,"2303 Rayburn House Office Building, (202) 225-4324",Democratic,23
 Senator Michael F. Bennet,Colorado,None,Senate: 111th-116th (2009-Present),http://www.bennet.senate.gov,"261 Russell Senate Office Building Washington DC 20510, (202) 224-5852",Democratic,24
 Representative Ami Bera,California,7,House: 113th-116th (2013-Present),https://bera.house.gov,"1727 Longworth House Office Building, (202) 225-5716",Democratic,25
 Representative Jack Bergman,Michigan,1,House: 115th-116th (2017-Present),https://bergman.house.gov,"414 Cannon House Office Building, (202) 225-4735",Republican,26
" Representative Donald S. Beyer, Jr.",Virginia,8,House: 114th-116th (2015-Present),https://beyer.house.gov,"1119 Longworth House Office Building, (202) 225-4376",Democratic,27
 Representative Andy Biggs,Arizona,5,House: 115th-116th (2017-Present),https://biggs.house.gov,"1318 Longworth House Office Building, (202) 225-2635",Republican,28
 Representative Gus M. Bilirakis,Florida,12,House: 113th-116th (2013-Present),https://bilirakis.house.gov/,"2227 Rayburn House Office Building, (202) 225-5755",Republican,29
 Representative Rob Bishop,Utah,1,House: 108th-116th (2003-Present),https://robbishop.house.gov,"123 Cannon House Office Building, (202) 225-0453",Republican,30
" Representative Sanford D. Bishop, Jr.",Georgia,2,House: 103rd-116th (1993-Present),https://bishop.house.gov/,"2407 Rayburn House Office Building, (202) 225-3631",Democratic,31
 Senator Marsha Blackburn,Tennessee,None,Senate: 116th (2019-Present),https://www.blackburn.senate.gov,"357 Dirksen Senate Office Building Washington DC 20510, (202) 224-3344",Republican,32
 Representative Earl Blumenauer,Oregon,3,House: 104th-116th (1995-Present),https://blumenauer.house.gov/,"1111 Longworth House Office Building, (202) 225-4811",Democratic,33
 Senator Richard  Blumenthal,Connecticut,None,Senate: 112th-116th (2011-Present),http://www.blumenthal.senate.gov,"706 Hart Senate Office Building Washington DC 20510, (202) 224-2823",Democratic,34
 Representative Lisa Blunt Rochester,Delaware,At Large,House: 115th-116th (2017-Present),https://bluntrochester.house.gov,"1519 Longworth House Office Building, (202) 225-4165",Democratic,35
 Senator Roy Blunt,Missouri,None,Senate: 112th-116th (2011-Present),http://www.blunt.senate.gov,"260 Russell Senate Office Building Washington DC 20510, (202) 224-5721",Republican,36
 Representative Suzanne Bonamici,Oregon,1,House: 112th-116th (2012-Present),https://bonamici.house.gov,"2231 Rayburn House Office Building, (202) 225-0855",Democratic,37
 Senator Cory A. Booker,New Jersey,None,Senate: 113th-116th (2013-Present),http://www.booker.senate.gov,"717 Hart Senate Office Building Washington DC 20510, (202) 224-3224",Democratic,38
 Senator John Boozman,Arkansas,None,Senate: 112th-116th (2011-Present),http://www.boozman.senate.gov/,"141 Hart Senate Office Building Washington DC 20510, (202) 224-4843",Republican,39
 Representative Mike Bost,Illinois,12,House: 114th-116th (2015-Present),https://bost.house.gov/,"1440 Longworth House Office Building, (202) 225-5661",Republican,40
 Representative Brendan F. Boyle,Pennsylvania,2,House: 116th (2019-Present),https://boyle.house.gov/,"1133 Longworth House Office Building, (202) 225-6111",Democratic,41
 Representative Kevin Brady,Texas,8,House: 105th-116th (1997-Present),https://kevinbrady.house.gov/,"1011 Longworth House Office Building, (202) 225-4901",Republican,42
 Senator Mike  Braun,Indiana,None,Senate: 116th (2019-Present),https://www.braun.senate.gov,"374 Russell Senate Office Building Washington DC 20510, (202) 224-4814",Republican,43
 Representative Anthony Brindisi,New York,22,House: 116th (2019-Present),https://brindisi.house.gov,"329 Cannon House Office Building, (202) 225-3665",Democratic,44
 Representative Mo Brooks,Alabama,5,House: 112th-116th (2011-Present),https://brooks.house.gov/,"2246 Rayburn House Office Building, (202) 225-4801",Republican,45
 Representative Susan W. Brooks,Indiana,5,House: 113th-116th (2013-Present),https://susanwbrooks.house.gov,"2211 Rayburn House Office Building, (202) 225-2276",Republican,46
 Representative Anthony G. Brown,Maryland,4,House: 115th-116th (2017-Present),https://anthonybrown.house.gov,"1323 Longworth House Office Building, (202) 225-8699",Democratic,47
 Senator Sherrod Brown,Ohio,None,Senate: 110th-116th (2007-Present),http://www.brown.senate.gov/,"503 Hart Senate Office Building Washington DC 20510, (202) 224-2315",Democratic,48
 Representative Julia Brownley,California,26,House: 113th-116th (2013-Present),https://juliabrownley.house.gov,"2262 Rayburn House Office Building, (202) 225-5811",Democratic,49
 Representative Vern Buchanan,Florida,16,House: 113th-116th (2013-Present),https://buchanan.house.gov/,"2427 Rayburn House Office Building, (202) 225-5015",Republican,50
 Representative Ken Buck,Colorado,4,House: 114th-116th (2015-Present),https://buck.house.gov/,"2455 Rayburn House Office Building, (202) 225-4676",Republican,51
 Representative Larry Bucshon,Indiana,8,House: 112th-116th (2011-Present),https://bucshon.house.gov/,"2313 Rayburn House Office Building, (202) 225-4636",Republican,52
 Representative Ted Budd,North Carolina,13,House: 115th-116th (2017-Present),https://budd.house.gov,"118 Cannon House Office Building, (202) 225-4531",Republican,53
 Representative Tim Burchett,Tennessee,2,House: 116th (2019-Present),https://burchett.house.gov,"1122 Longworth House Office Building, (202) 225-5435",Republican,54
 Representative Michael C. Burgess,Texas,26,House: 108th-116th (2003-Present),https://burgess.house.gov/,"2161 Rayburn House Office Building, (202) 225-7772",Republican,55
 Senator Richard Burr,North Carolina,None,Senate: 109th-116th (2005-Present),http://www.burr.senate.gov,"217 Russell Senate Office Building Washington DC 20510, (202) 224-3154",Republican,56
 Representative Cheri Bustos,Illinois,17,House: 113th-116th (2013-Present),https://bustos.house.gov,"1233 Longworth House Office Building, (202) 225-5905",Democratic,57
 Representative G. K. Butterfield,North Carolina,1,House: 108th-116th (2004-Present),https://butterfield.house.gov,"2080 Rayburn House Office Building, (202) 225-3101",Democratic,58
 Representative Bradley Byrne,Alabama,1,House: 113th-116th (2014-Present),https://byrne.house.gov/,"119 Cannon House Office Building, (202) 225-4931",Republican,59
 Representative Ken Calvert,California,42,House: 113th-116th (2013-Present),https://calvert.house.gov/,"2205 Rayburn House Office Building, (202) 225-1986",Republican,60
 Senator Maria Cantwell,Washington,None,Senate: 107th-116th (2001-Present),http://www.cantwell.senate.gov,"511 Hart Senate Office Building Washington DC 20510, (202) 224-3441",Democratic,61
 Senator Shelley Moore Capito,West Virginia,None,Senate: 114th-116th (2015-Present),http://www.capito.senate.gov,"172 Russell Senate Office Building Washington DC 20510, (202) 224-6472",Republican,62
 Representative Salud O. Carbajal,California,24,House: 115th-116th (2017-Present),https://carbajal.house.gov,"1431 Longworth House Office Building, (202) 225-3601",Democratic,63
 Representative Tony Cardenas,California,29,House: 113th-116th (2013-Present),https://cardenas.house.gov,"2438 Rayburn House Office Building, (202) 225-6131",Democratic,64
 Senator Benjamin L. Cardin,Maryland,None,Senate: 110th-116th (2007-Present),http://www.cardin.senate.gov/,"509 Hart Senate Office Building Washington DC 20510, (202) 224-4524",Democratic,65
 Senator Thomas R. Carper,Delaware,None,Senate: 107th-116th (2001-Present),http://www.carper.senate.gov,"513 Hart Senate Office Building Washington DC 20510, (202) 224-2441",Democratic,66
 Representative Andre Carson,Indiana,7,House: 110th-116th (2008-Present),https://carson.house.gov/,"2135 Rayburn House Office Building, (202) 225-4011",Democratic,67
" Representative Earl L. ""Buddy"" Carter",Georgia,1,House: 114th-116th (2015-Present),https://buddycarter.house.gov/,"2432 Rayburn House Office Building, (202) 225-5831",Republican,68
 Representative John R. Carter,Texas,31,House: 108th-116th (2003-Present),https://carter.house.gov/,"2110 Rayburn House Office Building, (202) 225-3864",Republican,69
 Representative Matt Cartwright,Pennsylvania,8,House: 116th (2019-Present),https://cartwright.house.gov,"1034 Longworth House Office Building, (202) 225-5546",Democratic,70
 Representative Ed Case,Hawaii,1,House: 116th (2019-Present),https://case.house.gov/,"2443 Rayburn House Office Building, (202) 225-2726",Democratic,71
 Senator Robert P. Casey Jr.,Pennsylvania,None,Senate: 110th-116th (2007-Present),http://www.casey.senate.gov/,"393 Russell Senate Office Building Washington DC 20510, (202) 224-6324",Democratic,72
 Senator Bill Cassidy,Louisiana,None,Senate: 114th-116th (2015-Present),http://www.cassidy.senate.gov,"520 Hart Senate Office Building Washington DC 20510, (202) 224-5824",Republican,73
 Representative Sean Casten,Illinois,6,House: 116th (2019-Present),https://casten.house.gov,"429 Cannon House Office Building, (202) 225-4561",Democratic,74
 Representative Kathy Castor,Florida,14,House: 113th-116th (2013-Present),https://castor.house.gov/,"2052 Rayburn House Office Building, (202) 225-3376",Democratic,75
 Representative Joaquin Castro,Texas,20,House: 113th-116th (2013-Present),https://castro.house.gov,"2241 Rayburn House Office Building, (202) 225-3236",Democratic,76
 Representative Steve Chabot,Ohio,1,House: 112th-116th (2011-Present),https://chabot.house.gov/,"2408 Rayburn House Office Building, (202) 225-2216",Republican,77
 Representative Liz Cheney,Wyoming,At Large,House: 115th-116th (2017-Present),https://cheney.house.gov,"416 Cannon House Office Building, (202) 225-2311",Republican,78
 Representative Judy Chu,California,27,House: 113th-116th (2013-Present),https://chu.house.gov/,"2423 Rayburn House Office Building, (202) 225-5464",Democratic,79
 Representative David N. Cicilline,Rhode Island,1,House: 112th-116th (2011-Present),https://cicilline.house.gov/,"2233 Rayburn House Office Building, (202) 225-4911",Democratic,80
" Representative Gilbert Ray Cisneros, Jr.",California,39,House: 116th (2019-Present),https://cisneros.house.gov/,"431 Cannon House Office Building, (202) 225-4111",Democratic,81
 Representative Katherine M. Clark,Massachusetts,5,House: 113th-116th (2013-Present),https://katherineclark.house.gov/index.cfm/home,"2448 Rayburn House Office Building, (202) 225-2836",Democratic,82
 Representative Yvette D. Clarke,New York,9,House: 113th-116th (2013-Present),https://clarke.house.gov/,"2058 Rayburn House Office Building, (202) 225-6231",Democratic,83
 Representative Wm. Lacy Clay,Missouri,1,House: 107th-116th (2001-Present),https://lacyclay.house.gov,"2428 Rayburn House Office Building, (202) 225-2406",Democratic,84
 Representative Emanuel Cleaver,Missouri,5,House: 109th-116th (2005-Present),https://cleaver.house.gov,"2335 Rayburn House Office Building, (202) 225-4535",Democratic,85
 Representative Ben Cline,Virginia,6,House: 116th (2019-Present),https://cline.house.gov,"1009 Longworth House Office Building, (202) 225-5431",Republican,86
 Representative Michael Cloud,Texas,27,House: 115th-116th (2018-Present),https://cloud.house.gov,"1314 Longworth House Office Building, (202) 225-7742",Republican,87
 Representative James E. Clyburn,South Carolina,6,House: 103rd-116th (1993-Present),https://clyburn.house.gov/,"200 Cannon House Office Building, (202) 225-3315",Democratic,88
 Representative Steve Cohen,Tennessee,9,House: 110th-116th (2007-Present),https://cohen.house.gov/,"2104 Rayburn House Office Building, (202) 225-3265",Democratic,89
 Representative Tom Cole,Oklahoma,4,House: 108th-116th (2003-Present),https://cole.house.gov,"2207 Rayburn House Office Building, (202) 225-6165",Republican,90
 Representative Chris Collins,New York,27,House: 113th-116th (2013-Present),https://chriscollins.house.gov,"2243 Rayburn House Office Building, (202) 225-5265",Republican,91
 Representative Doug Collins,Georgia,9,House: 113th-116th (2013-Present),https://dougcollins.house.gov,"1504 Longworth House Office Building, (202) 225-9893",Republican,92
 Senator Susan M. Collins,Maine,None,Senate: 105th-116th (1997-Present),http://www.collins.senate.gov,"413 Dirksen Senate Office Building Washington DC 20510, (202) 224-2523",Republican,93
 Representative James Comer,Kentucky,1,House: 114th-116th (2016-Present),https://comer.house.gov/,"1037 Longworth House Office Building, (202) 225-3115",Republican,94
 Representative K. Michael Conaway,Texas,11,House: 109th-116th (2005-Present),https://conaway.house.gov/,"2469 Rayburn House Office Building, (202) 225-3605",Republican,95
 Representative Gerald E. Connolly,Virginia,11,House: 111th-116th (2009-Present),https://connolly.house.gov/,"2238 Rayburn House Office Building, (202) 225-1492",Democratic,96
 Representative Paul Cook,California,8,House: 113th-116th (2013-Present),https://cook.house.gov,"1027 Longworth House Office Building, (202) 225-5861",Republican,97
 Senator Christopher A. Coons,Delaware,None,Senate: 111th-116th (2010-Present),http://www.coons.senate.gov/,"218 Russell Senate Office Building Washington DC 20510, (202) 224-5042",Democratic,98
 Representative Jim Cooper,Tennessee,5,House: 108th-116th (2003-Present),https://cooper.house.gov/,"1536 Longworth House Office Building, (202) 225-4311",Democratic,99
 Senator John Cornyn,Texas,None,Senate: 107th-116th (2002-Present),http://www.cornyn.senate.gov/,"517 Hart Senate Office Building Washington DC 20510, (202) 224-2934",Republican,100
 Representative J. Luis Correa,California,46,House: 115th-116th (2017-Present),https://correa.house.gov,"1039 Longworth House Office Building, (202) 225-2965",Democratic,101
 Senator Catherine  Cortez Masto,Nevada,None,Senate: 115th-116th (2017-Present),http://www.cortezmasto.senate.gov,"516 Hart Senate Office Building Washington DC 20510, (202) 224-3542",Democratic,102
 Representative Jim Costa,California,16,House: 113th-116th (2013-Present),https://costa.house.gov/,"2081 Rayburn House Office Building, (202) 225-3341",Democratic,103
 Senator Tom Cotton,Arkansas,None,Senate: 114th-116th (2015-Present),http://www.cotton.senate.gov,"326 Russell Senate Office Building Washington DC 20510, (202) 224-2353",Republican,104
 Representative Joe Courtney,Connecticut,2,House: 110th-116th (2007-Present),https://courtney.house.gov/,"2332 Rayburn House Office Building, (202) 225-2076",Democratic,105
 Representative TJ Cox,California,21,House: 116th (2019-Present),https://cox.house.gov,"1728 Longworth House Office Building, (202) 225-4695",Democratic,106
 Representative Angie Craig,Minnesota,2,House: 116th (2019-Present),https://craig.house.gov,"1523 Longworth House Office Building, (202) 225-2271",Democratic,107
 Senator Kevin Cramer,North Dakota,None,Senate: 116th (2019-Present),https://www.cramer.senate.gov,"400 Russell Senate Office Building Washington DC 20510, (202) 224-2043",Republican,108
 Senator Mike Crapo,Idaho,None,Senate: 106th-116th (1999-Present),http://www.crapo.senate.gov,"239 Dirksen Senate Office Building Washington DC 20510, (202) 224-6142",Republican,109
" Representative Eric A. ""Rick"" Crawford",Arkansas,1,House: 112th-116th (2011-Present),https://crawford.house.gov/,"2422 Rayburn House Office Building, (202) 225-4076",Republican,110
 Representative Dan Crenshaw,Texas,2,House: 116th (2019-Present),https://crenshaw.house.gov/,"413 Cannon House Office Building, (202) 225-6565",Republican,111
 Representative Charlie Crist,Florida,13,House: 115th-116th (2017-Present),https://crist.house.gov,"215 Cannon House Office Building, (202) 225-5961",Democratic,112
 Representative Jason Crow,Colorado,6,House: 116th (2019-Present),https://crow.house.gov/,"1229 Longworth House Office Building, (202) 225-7882",Democratic,113
 Senator Ted  Cruz,Texas,None,Senate: 113th-116th (2013-Present),http://www.cruz.senate.gov,"404 Russell Senate Office Building Washington DC 20510, (202) 224-5922",Republican,114
 Representative Henry Cuellar,Texas,28,House: 109th-116th (2005-Present),https://cuellar.house.gov/,"2372 Rayburn House Office Building, (202) 225-1640",Democratic,115
 Representative Elijah E. Cummings,Maryland,7,House: 104th-116th (1995-Present),https://cummings.house.gov,"2163 Rayburn House Office Building, (202) 225-4741",Democratic,116
 Representative Joe Cunningham,South Carolina,1,House: 116th (2019-Present),https://cunningham.house.gov/,"423 Cannon House Office Building, (202) 225-3176",Democratic,117
 Representative John R. Curtis,Utah,3,House: 115th-116th (2017-Present),https://curtis.house.gov/,"125 Cannon House Office Building, (202) 225-7751",Republican,118
 Senator Steve Daines,Montana,None,Senate: 114th-116th (2015-Present),http://www.daines.senate.gov,"320 Hart Senate Office Building Washington DC 20510, (202) 224-2651",Republican,119
 Representative Sharice Davids,Kansas,3,House: 116th (2019-Present),https://davids.house.gov/,"1541 Longworth House Office Building, (202) 225-2865",Democratic,120
 Representative Warren Davidson,Ohio,8,House: 114th-116th (2016-Present),https://davidson.house.gov/,"1107 Longworth House Office Building, (202) 225-6205",Republican,121
 Representative Danny K. Davis,Illinois,7,House: 105th-116th (1997-Present),https://davis.house.gov,"2159 Rayburn House Office Building, (202) 225-5006",Democratic,122
 Representative Rodney Davis,Illinois,13,House: 113th-116th (2013-Present),https://rodneydavis.house.gov,"1740 Longworth House Office Building, (202) 225-2371",Republican,123
 Representative Susan A. Davis,California,53,House: 108th-116th (2003-Present),https://susandavis.house.gov/,"1214 Longworth House Office Building, (202) 225-2040",Democratic,124
 Representative Madeleine Dean,Pennsylvania,4,House: 116th (2019-Present),https://dean.house.gov,"129 Cannon House Office Building, (202) 225-4731",Democratic,125
 Representative Peter A. DeFazio,Oregon,4,House: 100th-116th (1987-Present),https://defazio.house.gov/,"2134 Rayburn House Office Building, (202) 225-6416",Democratic,126
 Representative Diana DeGette,Colorado,1,House: 105th-116th (1997-Present),https://degette.house.gov,"2111 Rayburn House Office Building, (202) 225-4431",Democratic,127
 Representative Rosa L. DeLauro,Connecticut,3,House: 102nd-116th (1991-Present),https://delauro.house.gov/,"2413 Rayburn House Office Building, (202) 225-3661",Democratic,128
 Representative Suzan K. DelBene,Washington,1,House: 112th-116th (2012-Present),https://delbene.house.gov,"2330 Rayburn House Office Building, (202) 225-6311",Democratic,129
 Representative Antonio Delgado,New York,19,House: 116th (2019-Present),https://delgado.house.gov,"1007 Longworth House Office Building, (202) 225-5614",Democratic,130
 Representative Val Butler Demings,Florida,10,House: 115th-116th (2017-Present),https://demings.house.gov,"217 Cannon House Office Building, (202) 225-2176",Democratic,131
 Representative Mark DeSaulnier,California,11,House: 114th-116th (2015-Present),https://desaulnier.house.gov/,"503 Cannon House Office Building, (202) 225-2095",Democratic,132
 Representative Scott DesJarlais,Tennessee,4,House: 112th-116th (2011-Present),https://desjarlais.house.gov/,"2301 Rayburn House Office Building, (202) 225-6831",Republican,133
 Representative Theodore E. Deutch,Florida,22,House: 115th-116th (2017-Present),https://teddeutch.house.gov/,"2447 Rayburn House Office Building, (202) 225-3001",Democratic,134
 Representative Mario Diaz-Balart,Florida,25,House: 113th-116th (2013-Present),https://mariodiazbalart.house.gov/,"404 Cannon House Office Building, (202) 225-4211",Republican,135
 Representative Debbie Dingell,Michigan,12,House: 114th-116th (2015-Present),https://debbiedingell.house.gov/,116 Cannon House Office Building(202) 225-4071,Democratic,136
 Representative Lloyd Doggett,Texas,35,House: 113th-116th (2013-Present),https://doggett.house.gov,"2307 Rayburn House Office Building, (202) 225-4865",Democratic,137
 Representative Michael F. Doyle,Pennsylvania,18,House: 116th (2019-Present),https://doyle.house.gov,"306 Cannon House Office Building, (202) 225-2135",Democratic,138
 Senator Tammy Duckworth,Illinois,None,Senate: 115th-116th (2017-Present),http://www.duckworth.senate.gov,"524 Hart Senate Office Building Washington DC 20510, (202) 224-2854",Democratic,139
 Representative Sean P. Duffy,Wisconsin,7,House: 112th-116th (2011-Present),https://duffy.house.gov/,"1714 Longworth House Office Building, (202) 225-3365",Republican,140
 Representative Jeff Duncan,South Carolina,3,House: 112th-116th (2011-Present),https://jeffduncan.house.gov/,"2229 Rayburn House Office Building, (202) 225-5301",Republican,141
 Representative Neal P. Dunn,Florida,2,House: 115th-116th (2017-Present),https://dunn.house.gov,"316 Cannon House Office Building, (202) 225-5235",Republican,142
 Senator Richard J. Durbin,Illinois,None,Senate: 105th-116th (1997-Present),http://www.durbin.senate.gov,"711 Hart Senate Office Building Washington DC 20510, (202) 224-2152",Democratic,143
 Representative Tom Emmer,Minnesota,6,House: 114th-116th (2015-Present),https://emmer.house.gov/,"315 Cannon House Office Building, (202) 225-2331",Republican,144
 Representative Eliot L. Engel,New York,16,House: 113th-116th (2013-Present),https://engel.house.gov,"2426 Rayburn House Office Building, (202) 225-2464",Democratic,145
 Senator Michael B. Enzi,Wyoming,None,Senate: 105th-116th (1997-Present),http://www.enzi.senate.gov,"379A Russell Senate Office Building Washington DC 20510, (202) 224-3424",Republican,146
 Senator Joni  Ernst,Iowa,None,Senate: 114th-116th (2015-Present),http://www.ernst.senate.gov,"730 Hart Senate Office Building Washington DC 20510, (202) 224-3254",Republican,147
 Representative Veronica Escobar,Texas,16,House: 116th (2019-Present),https://escobar.house.gov,"1505 Longworth House Office Building, (202) 225-4831",Democratic,148
 Representative Anna G. Eshoo,California,18,House: 113th-116th (2013-Present),https://eshoo.house.gov/,"202 Cannon House Office Building, (202) 225-8104",Democratic,149
 Representative Adriano Espaillat,New York,13,House: 115th-116th (2017-Present),https://espaillat.house.gov,"1630 Longworth House Office Building, (202) 225-4365",Democratic,150
 Representative Ron Estes,Kansas,4,House: 115th-116th (2017-Present),https://estes.house.gov/,"1524 Longworth House Office Building, (202) 225-6216",Republican,151
 Representative Dwight Evans,Pennsylvania,3,House: 116th (2019-Present),https://evans.house.gov/,"1105 Longworth House Office Building, (202) 225-4001",Democratic,152
 Senator Dianne Feinstein,California,None,Senate: 102nd-116th (1992-Present),http://www.feinstein.senate.gov,"331 Hart Senate Office Building Washington DC 20510, (202) 224-3841",Democratic,153
 Representative A. Drew Ferguson IV,Georgia,3,House: 115th-116th (2017-Present),https://ferguson.house.gov,"1032 Longworth House Office Building, (202) 225-5901",Republican,154
 Representative Abby Finkenauer,Iowa,1,House: 116th (2019-Present),https://finkenauer.house.gov/,"124 Cannon House Office Building, (202) 225-2911",Democratic,155
 Senator Deb  Fischer,Nebraska,None,Senate: 113th-116th (2013-Present),http://www.fischer.senate.gov,"454 Russell Senate Office Building Washington DC 20510, (202) 224-6551",Republican,156
 Representative Brian K. Fitzpatrick,Pennsylvania,1,House: 116th (2019-Present),https://fitzpatrick.house.gov/,"1722 Longworth House Office Building, (202) 225-4276",Republican,157
" Representative Charles J. ""Chuck"" Fleischmann",Tennessee,3,House: 112th-116th (2011-Present),https://fleischmann.house.gov/,"2410 Rayburn House Office Building, (202) 225-3271",Republican,158
 Representative Lizzie Fletcher,Texas,7,House: 116th (2019-Present),https://fletcher.house.gov,"1429 Longworth House Office Building, (202) 225-2571",Democratic,159
 Representative Bill Flores,Texas,17,House: 112th-116th (2011-Present),https://flores.house.gov/,"2228 Rayburn House Office Building, (202) 225-6105",Republican,160
 Representative Jeff Fortenberry,Nebraska,1,House: 109th-116th (2005-Present),https://fortenberry.house.gov/,"1514 Longworth House Office Building, (202) 225-4806",Republican,161
 Representative Bill Foster,Illinois,11,House: 113th-116th (2013-Present),https://foster.house.gov,"2366 Rayburn House Office Building, (202) 225-3515",Democratic,162
 Representative Virginia Foxx,North Carolina,5,House: 109th-116th (2005-Present),https://foxx.house.gov/,"2462 Rayburn House Office Building, (202) 225-2071",Republican,163
 Representative Lois Frankel,Florida,21,House: 115th-116th (2017-Present),https://frankel.house.gov,"2305 Rayburn House Office Building, (202) 225-9890",Democratic,164
 Representative Marcia L. Fudge,Ohio,11,House: 110th-116th (2008-Present),https://fudge.house.gov/,"2344 Rayburn House Office Building, (202) 225-7032",Democratic,165
 Representative Russ Fulcher,Idaho,1,House: 116th (2019-Present),https://fulcher.house.gov/,"1520 Longworth House Office Building, (202) 225-6611",Republican,166
 Representative Tulsi Gabbard,Hawaii,2,House: 113th-116th (2013-Present),https://gabbard.house.gov,"1433 Longworth House Office Building, (202) 225-4906",Democratic,167
 Representative Matt Gaetz,Florida,1,House: 115th-116th (2017-Present),https://gaetz.house.gov,"1721 Longworth House Office Building, (202) 225-4136",Republican,168
 Representative Mike Gallagher,Wisconsin,8,House: 115th-116th (2017-Present),https://gallagher.house.gov,"1230 Longworth House Office Building, (202) 225-5665",Republican,169
 Representative Ruben Gallego,Arizona,7,House: 114th-116th (2015-Present),https://rubengallego.house.gov/,"1131 Longworth House Office Building, (202) 225-4065",Democratic,170
 Representative John Garamendi,California,3,House: 113th-116th (2013-Present),https://garamendi.house.gov/,"2368 Rayburn House Office Building, (202) 225-1880",Democratic,171
" Representative Jesus G. ""Chuy"" Garcia",Illinois,4,House: 116th (2019-Present),https://chuygarcia.house.gov/,"530 Cannon House Office Building, (202) 225-8203",Democratic,172
 Representative Sylvia R. Garcia,Texas,29,House: 116th (2019-Present),https://sylviagarcia.house.gov/,"1620 Longworth House Office Building, (202) 225-1688",Democratic,173
 Senator Cory Gardner,Colorado,None,Senate: 114th-116th (2015-Present),http://www.gardner.senate.gov,"354 Russell Senate Office Building Washington DC 20510, (202) 224-5941",Republican,174
 Representative Greg Gianforte,Montana,At Large,House: 115th-116th (2017-Present),https://gianforte.house.gov,"1222 Longworth House Office Building, (202) 225-3211",Republican,175
 Representative Bob Gibbs,Ohio,7,House: 113th-116th (2013-Present),https://gibbs.house.gov/,"2446 Rayburn House Office Building, (202) 225-6265",Republican,176
 Senator Kirsten E. Gillibrand,New York,None,Senate: 111th-116th (2009-Present),http://www.gillibrand.senate.gov,"478 Russell Senate Office Building Washington DC 20510, (202) 224-4451",Democratic,177
 Representative Louie Gohmert,Texas,1,House: 109th-116th (2005-Present),https://gohmert.house.gov/,"2267 Rayburn House Office Building, (202) 225-3035",Republican,178
 Representative Jared F. Golden,Maine,2,House: 116th (2019-Present),https://golden.house.gov,"1223 Longworth House Office Building, (202) 225-6306",Democratic,179
 Representative Jimmy Gomez,California,34,House: 115th-116th (2017-Present),https://gomez.house.gov/,"1530 Longworth House Office Building, (202) 225-6235",Democratic,180
 Representative Anthony Gonzalez,Ohio,16,House: 116th (2019-Present),https://anthonygonzalez.house.gov,"1023 Longworth House Office Building, (202) 225-3876",Republican,181
 Representative Vicente Gonzalez,Texas,15,House: 115th-116th (2017-Present),https://gonzalez.house.gov,"113 Cannon House Office Building, (202) 225-2531",Democratic,182
 Representative Jenniffer Gonzalez-Colon,Puerto Rico,At Large,House: 115th-116th (2017-Present),https://gonzalez-colon.house.gov,"1609 Longworth House Office Building, (202) 225-2615",Republican,183
 Representative Lance Gooden,Texas,5,House: 116th (2019-Present),https://gooden.house.gov,"425 Cannon House Office Building, (202) 225-3484",Republican,184
 Representative Paul A. Gosar,Arizona,4,House: 113th-116th (2013-Present),https://gosar.house.gov/,"2057 Rayburn House Office Building, (202) 225-2315",Republican,185
 Representative Josh Gottheimer,New Jersey,5,House: 115th-116th (2017-Present),https://gottheimer.house.gov,"213 Cannon House Office Building, (202) 225-4465",Democratic,186
 Senator Lindsey Graham,South Carolina,None,Senate: 108th-116th (2003-Present),http://www.lgraham.senate.gov/,"290 Russell Senate Office Building Washington DC 20510, (202) 224-5972",Republican,187
 Representative Kay Granger,Texas,12,House: 105th-116th (1997-Present),https://kaygranger.house.gov,"1026 Longworth House Office Building, (202) 225-5071",Republican,188
 Senator Chuck Grassley,Iowa,None,Senate: 97th-116th (1981-Present),http://www.grassley.senate.gov,"135 Hart Senate Office Building Washington DC 20510, (202) 224-3744",Republican,189
 Representative Garret Graves,Louisiana,6,House: 114th-116th (2015-Present),https://garretgraves.house.gov/,"2402 Rayburn House Office Building, (202) 225-3901",Republican,190
 Representative Sam Graves,Missouri,6,House: 107th-116th (2001-Present),https://graves.house.gov/,"1135 Longworth House Office Building, (202) 225-7041",Republican,191
 Representative Tom Graves,Georgia,14,House: 113th-116th (2013-Present),https://tomgraves.house.gov/,"2078 Rayburn House Office Building, (202) 225-5211",Republican,192
 Representative Al Green,Texas,9,House: 109th-116th (2005-Present),https://algreen.house.gov,"2347 Rayburn House Office Building, (202) 225-7508",Democratic,193
 Representative Mark E. Green,Tennessee,7,House: 116th (2019-Present),https://markgreen.house.gov/,"533 Cannon House Office Building, (202) 225-2811",Republican,194
 Representative H. Morgan Griffith,Virginia,9,House: 112th-116th (2011-Present),https://morgangriffith.house.gov/,"2202 Rayburn House Office Building, (202) 225-3861",Republican,195
 Representative Raul M. Grijalva,Arizona,3,House: 113th-116th (2013-Present),https://grijalva.house.gov/,"1511 Longworth House Office Building, (202) 225-2435",Democratic,196
 Representative Glenn Grothman,Wisconsin,6,House: 114th-116th (2015-Present),https://grothman.house.gov,"1427 Longworth House Office Building, (202) 225-2476",Republican,197
 Representative Michael Guest,Mississippi,3,House: 116th (2019-Present),https://guest.house.gov,"230 Cannon House Office Building, (202) 225-5031",Republican,198
 Representative Brett Guthrie,Kentucky,2,House: 111th-116th (2009-Present),https://guthrie.house.gov/,"2434 Rayburn House Office Building, (202) 225-3501",Republican,199
 Representative Debra A. Haaland,New Mexico,1,House: 116th (2019-Present),https://haaland.house.gov/,"1237 Longworth House Office Building, (202) 225-6316",Democratic,200
 Representative Jim Hagedorn,Minnesota,1,House: 116th (2019-Present),https://hagedorn.house.gov/,"325 Cannon House Office Building, (202) 225-2472",Republican,201
 Representative Josh Harder,California,10,House: 116th (2019-Present),https://harder.house.gov/,"131 Cannon House Office Building, (202) 225-4540",Democratic,202
 Representative Andy Harris,Maryland,1,House: 112th-116th (2011-Present),https://harris.house.gov/,"2334 Rayburn House Office Building, (202) 225-5311",Republican,203
 Senator Kamala D. Harris,California,None,Senate: 115th-116th (2017-Present),http://www.harris.senate.gov,"112 Hart Senate Office Building Washington DC 20510, (202) 224-3553",Democratic,204
 Representative Vicky Hartzler,Missouri,4,House: 112th-116th (2011-Present),https://hartzler.house.gov/,"2235 Rayburn House Office Building, (202) 225-2876",Republican,205
 Senator Margaret Wood Hassan,New Hampshire,None,Senate: 115th-116th (2017-Present),http://www.hassan.senate.gov,"324 Hart Senate Office Building Washington DC 20510, (202) 224-3324",Democratic,206
 Representative Alcee L. Hastings,Florida,20,House: 113th-116th (2013-Present),https://alceehastings.house.gov/,"2353 Rayburn House Office Building, (202) 225-1313",Democratic,207
 Senator Josh  Hawley,Missouri,None,Senate: 116th (2019-Present),https://www.hawley.senate.gov,"212 Russell Senate Office Building Washington DC 20510, (202) 224-6154",Republican,208
 Representative Jahana Hayes,Connecticut,5,House: 116th (2019-Present),https://hayes.house.gov,"1415 Longworth House Office Building, (202) 225-4476",Democratic,209
 Representative Denny Heck,Washington,10,House: 113th-116th (2013-Present),https://dennyheck.house.gov,"2452 Rayburn House Office Building, (202) 225-9740",Democratic,210
 Senator Martin Heinrich,New Mexico,None,Senate: 113th-116th (2013-Present),http://www.heinrich.senate.gov/,"303 Hart Senate Office Building Washington DC 20510, (202) 224-5521",Democratic,211
 Representative Kevin Hern,Oklahoma,1,House: 115th-116th (2018-Present),https://hern.house.gov,"1019 Longworth House Office Building, (202) 225-2211",Republican,212
 Representative Jaime Herrera Beutler,Washington,3,House: 112th-116th (2011-Present),https://herrerabeutler.house.gov/,"2352 Rayburn House Office Building, (202) 225-3536",Republican,213
 Representative Jody B. Hice,Georgia,10,House: 114th-116th (2015-Present),https://hice.house.gov/,"409 Cannon House Office Building, (202) 225-4101",Republican,214
 Representative Brian Higgins,New York,26,House: 113th-116th (2013-Present),https://higgins.house.gov,"2459 Rayburn House Office Building, (202) 225-3306",Democratic,215
 Representative Clay Higgins,Louisiana,3,House: 115th-116th (2017-Present),https://clayhiggins.house.gov,"424 Cannon House Office Building, (202) 225-2031",Republican,216
 Representative J. French Hill,Arkansas,2,House: 114th-116th (2015-Present),https://hill.house.gov/,"1533 Longworth House Office Building, (202) 225-2506",Republican,217
 Representative Katie Hill,California,25,House: 116th (2019-Present),https://katiehill.house.gov,"1130 Longworth House Office Building, (202) 225-1956",Democratic,218
 Representative James A. Himes,Connecticut,4,House: 111th-116th (2009-Present),https://himes.house.gov/,"1227 Longworth House Office Building, (202) 225-5541",Democratic,219
 Senator Mazie K. Hirono,Hawaii,None,Senate: 113th-116th (2013-Present),http://www.hirono.senate.gov/,"713 Hart Senate Office Building Washington DC 20510, (202) 224-6361",Democratic,220
 Senator John  Hoeven,North Dakota,None,Senate: 112th-116th (2011-Present),http://www.hoeven.senate.gov,"338 Russell Senate Office Building Washington DC 20510, (202) 224-2551",Republican,221
 Representative George Holding,North Carolina,2,House: 115th-116th (2017-Present),https://holding.house.gov,"1110 Longworth House Office Building, (202) 225-3032",Republican,222
 Representative Trey Hollingsworth,Indiana,9,House: 115th-116th (2017-Present),https://hollingsworth.house.gov,"1641 Longworth House Office Building, (202) 225-5315",Republican,223
 Representative Kendra S. Horn,Oklahoma,5,House: 116th (2019-Present),https://horn.house.gov/,"415 Cannon House Office Building, (202) 225-2132",Democratic,224
 Representative Steven Horsford,Nevada,4,House: 116th (2019-Present),https://horsford.house.gov,"1330 Longworth House Office Building, (202) 225-9894",Democratic,225
 Representative Chrissy Houlahan,Pennsylvania,6,House: 116th (2019-Present),https://houlahan.house.gov/,"1218 Longworth House Office Building, (202) 225-4315",Democratic,226
 Representative Steny H. Hoyer,Maryland,5,House: 97th-116th (1981-Present),https://hoyer.house.gov/,"1705 Longworth House Office Building, (202) 225-4131",Democratic,227
 Representative Richard Hudson,North Carolina,8,House: 113th-116th (2013-Present),https://hudson.house.gov,"2112 Rayburn House Office Building, (202) 225-3715",Republican,228
 Representative Jared Huffman,California,2,House: 113th-116th (2013-Present),https://huffman.house.gov,"1527 Longworth House Office Building, (202) 225-5161",Democratic,229
 Representative Bill Huizenga,Michigan,2,House: 112th-116th (2011-Present),https://huizenga.house.gov/,"2232 Rayburn House Office Building, (202) 225-4401",Republican,230
 Representative Duncan Hunter,California,50,House: 113th-116th (2013-Present),https://hunter.house.gov/,"2429 Rayburn House Office Building, (202) 225-5672",Republican,231
 Representative Will Hurd,Texas,23,House: 114th-116th (2015-Present),https://hurd.house.gov/,"317 Cannon House Office Building, (202) 225-4511",Republican,232
 Senator Cindy Hyde-Smith,Mississippi,None,Senate: 115th-116th (2018-Present),https://www.hydesmith.senate.gov/,"702 Hart Senate Office Building Washington DC 20510, (202) 224-5054",Republican,233
 Senator James M. Inhofe,Oklahoma,None,Senate: 103rd-116th (1994-Present),http://www.inhofe.senate.gov/,"205 Russell Senate Office Building Washington DC 20510, (202) 224-4721",Republican,234
 Senator Johnny Isakson,Georgia,None,Senate: 109th-116th (2005-Present),http://www.isakson.senate.gov,"131 Russell Senate Office Building Washington DC 20510, (202) 224-3643",Republican,235
 Representative Sheila Jackson Lee,Texas,18,House: 104th-116th (1995-Present),https://jacksonlee.house.gov/,"2079 Rayburn House Office Building, (202) 225-3816",Democratic,236
 Representative Pramila Jayapal,Washington,7,House: 115th-116th (2017-Present),https://jayapal.house.gov,"1510 Longworth House Office Building, (202) 225-3106",Democratic,237
 Representative Hakeem S. Jeffries,New York,8,House: 113th-116th (2013-Present),https://jeffries.house.gov,"2433 Rayburn House Office Building, (202) 225-5936",Democratic,238
 Representative Bill Johnson,Ohio,6,House: 112th-116th (2011-Present),https://billjohnson.house.gov/,"2336 Rayburn House Office Building, (202) 225-5705",Republican,239
 Representative Dusty Johnson,South Dakota,At Large,House: 116th (2019-Present),https://dustyjohnson.house.gov/,"1508 Longworth House Office Building, (202) 225-2801",Republican,240
 Representative Eddie Bernice Johnson,Texas,30,House: 103rd-116th (1993-Present),https://ebjohnson.house.gov,"2306 Rayburn House Office Building, (202) 225-8885",Democratic,241
" Representative Henry C. ""Hank"" Johnson, Jr.",Georgia,4,House: 110th-116th (2007-Present),https://hankjohnson.house.gov/,"2240 Rayburn House Office Building, (202) 225-1605",Democratic,242
 Representative Mike Johnson,Louisiana,4,House: 115th-116th (2017-Present),https://mikejohnson.house.gov,"418 Cannon House Office Building, (202) 225-2777",Republican,243
 Senator Ron  Johnson,Wisconsin,None,Senate: 112th-116th (2011-Present),http://www.ronjohnson.senate.gov/,"328 Hart Senate Office Building Washington DC 20510, (202) 224-5323",Republican,244
 Senator Doug  Jones,Alabama,None,Senate: 115th-116th (2018-Present),https://www.jones.senate.gov,"330 Hart Senate Office Building Washington DC 20510, (202) 224-4124",Democratic,245
 Representative Walter B. Jones,North Carolina,3,House: 104th-116th (1995-2019),Website not found.,Contact information not found.,Republican,246
 Representative Jim Jordan,Ohio,4,House: 110th-116th (2007-Present),https://jordan.house.gov/,"2056 Rayburn House Office Building, (202) 225-2676",Republican,247
 Representative David P. Joyce,Ohio,14,House: 113th-116th (2013-Present),https://joyce.house.gov,"1124 Longworth House Office Building, (202) 225-5731",Republican,248
 Representative John Joyce,Pennsylvania,13,House: 116th (2019-Present),https://johnjoyce.house.gov/,"1337 Longworth House Office Building, (202) 225-2431",Republican,249
 Senator Tim  Kaine,Virginia,None,Senate: 113th-116th (2013-Present),http://www.kaine.senate.gov/,"231 Russell Senate Office Building Washington DC 20510, (202) 224-4024",Democratic,250
 Representative Marcy Kaptur,Ohio,9,House: 98th-116th (1983-Present),https://kaptur.house.gov/,"2186 Rayburn House Office Building, (202) 225-4146",Democratic,251
 Representative John Katko,New York,24,House: 114th-116th (2015-Present),https://katko.house.gov/,"2457 Rayburn House Office Building, (202) 225-3701",Republican,252
 Representative William R. Keating,Massachusetts,9,House: 113th-116th (2013-Present),https://keating.house.gov/,"2351 Rayburn House Office Building, (202) 225-3111",Democratic,253
 Representative Mike Kelly,Pennsylvania,16,House: 116th (2019-Present),https://kelly.house.gov,"1707 Longworth House Office Building, (202) 225-5406",Republican,254
 Representative Robin L. Kelly,Illinois,2,House: 113th-116th (2013-Present),https://robinkelly.house.gov/,"2416 Rayburn House Office Building, (202) 225-0773",Democratic,255
 Representative Trent Kelly,Mississippi,1,House: 114th-116th (2015-Present),https://trentkelly.house.gov/,"1005 Longworth House Office Building, (202) 225-4306",Republican,256
 Senator John Kennedy,Louisiana,None,Senate: 115th-116th (2017-Present),http://www.kennedy.senate.gov,"416 Russell Senate Office Building Washington DC 20510, (202) 224-4623",Republican,257
 Representative Joseph P. Kennedy III,Massachusetts,4,House: 113th-116th (2013-Present),https://kennedy.house.gov,"304 Cannon House Office Building, (202) 225-5931",Democratic,258
 Representative Ro Khanna,California,17,House: 115th-116th (2017-Present),https://khanna.house.gov,"221 Cannon House Office Building, (202) 225-2631",Democratic,259
 Representative Daniel T. Kildee,Michigan,5,House: 113th-116th (2013-Present),https://dankildee.house.gov,"203 Cannon House Office Building, (202) 225-3611",Democratic,260
 Representative Derek Kilmer,Washington,6,House: 113th-116th (2013-Present),https://kilmer.house.gov,"1410 Longworth House Office Building, (202) 225-5916",Democratic,261
 Representative Andy Kim,New Jersey,3,House: 116th (2019-Present),https://kim.house.gov/,"1516 Longworth House Office Building, (202) 225-4765",Democratic,262
 Representative Ron Kind,Wisconsin,3,House: 105th-116th (1997-Present),https://kind.house.gov/,"1502 Longworth House Office Building, (202) 225-5506",Democratic,263
 Senator Angus S. King Jr.,Maine,None,Senate: 113th-116th (2013-Present),http://www.king.senate.gov/,"133 Hart Senate Office Building Washington DC 20510, (202) 224-5344",Independent,264
 Representative Peter T. King,New York,2,House: 113th-116th (2013-Present),https://peteking.house.gov,"302 Cannon House Office Building, (202) 225-7896",Republican,265
 Representative Steve King,Iowa,4,House: 113th-116th (2013-Present),https://steveking.house.gov/,"2210 Rayburn House Office Building, (202) 225-4426",Republican,266
 Representative Adam Kinzinger,Illinois,16,House: 113th-116th (2013-Present),https://kinzinger.house.gov/,"2245 Rayburn House Office Building, (202) 225-3635",Republican,267
 Representative Ann Kirkpatrick,Arizona,2,House: 116th (2019-Present),https://kirkpatrick.house.gov/,"309 Cannon House Office Building, (202) 225-2542",Democratic,268
 Senator Amy Klobuchar,Minnesota,None,Senate: 110th-116th (2007-Present),http://www.klobuchar.senate.gov/,"425 Dirksen Senate Office Building Washington DC 20510, (202) 224-3244",Democratic,269
 Representative Raja Krishnamoorthi,Illinois,8,House: 115th-116th (2017-Present),https://krishnamoorthi.house.gov,"115 Cannon House Office Building, (202) 225-3711",Democratic,270
 Representative Ann M. Kuster,New Hampshire,2,House: 113th-116th (2013-Present),https://kuster.house.gov,"320 Cannon House Office Building, (202) 225-5206",Democratic,271
 Representative David Kustoff,Tennessee,8,House: 115th-116th (2017-Present),https://kustoff.house.gov,"523 Cannon House Office Building, (202) 225-4714",Republican,272
 Representative Darin LaHood,Illinois,18,House: 114th-116th (2015-Present),https://lahood.house.gov/,"1424 Longworth House Office Building, (202) 225-6201",Republican,273
 Representative Doug LaMalfa,California,1,House: 113th-116th (2013-Present),https://lamalfa.house.gov,"322 Cannon House Office Building, (202) 225-3076",Republican,274
 Representative Conor Lamb,Pennsylvania,17,House: 116th (2019-Present),https://lamb.house.gov,"1224 Longworth House Office Building, (202) 225-2301",Democratic,275
 Representative Doug Lamborn,Colorado,5,House: 110th-116th (2007-Present),https://lamborn.house.gov/,"2371 Rayburn House Office Building, (202) 225-4422",Republican,276
 Representative James R. Langevin,Rhode Island,2,House: 107th-116th (2001-Present),https://langevin.house.gov,"2077 Rayburn House Office Building, (202) 225-2735",Democratic,277
 Senator James Lankford,Oklahoma,None,Senate: 114th-116th (2015-Present),http://www.lankford.senate.gov,"316 Hart Senate Office Building Washington DC 20510, (202) 224-5754",Republican,278
 Representative Rick Larsen,Washington,2,House: 107th-116th (2001-Present),https://larsen.house.gov,"2113 Rayburn House Office Building, (202) 225-2605",Democratic,279
 Representative John B. Larson,Connecticut,1,House: 106th-116th (1999-Present),https://larson.house.gov/,"1501 Longworth House Office Building, (202) 225-2265",Democratic,280
 Representative Robert E. Latta,Ohio,5,House: 110th-116th (2007-Present),https://latta.house.gov/,"2467 Rayburn House Office Building, (202) 225-6405",Republican,281
 Representative Brenda L. Lawrence,Michigan,14,House: 114th-116th (2015-Present),https://lawrence.house.gov/,"2463 Rayburn House Office Building, (202) 225-5802",Democratic,282
" Representative Al Lawson, Jr.",Florida,5,House: 115th-116th (2017-Present),https://lawson.house.gov,"1406 Longworth House Office Building, (202) 225-0123",Democratic,283
 Senator Patrick J. Leahy,Vermont,None,Senate: 94th-116th (1975-Present),http://www.leahy.senate.gov/,"437 Russell Senate Office Building Washington DC 20510, (202) 224-4242",Democratic,284
 Representative Barbara Lee,California,13,House: 113th-116th (2013-Present),https://lee.house.gov/,"2470 Rayburn House Office Building, (202) 225-2661",Democratic,285
 Senator Mike Lee,Utah,None,Senate: 112th-116th (2011-Present),http://www.lee.senate.gov/,"361A Russell Senate Office Building Washington DC 20510, (202) 224-5444",Republican,286
 Representative Susie Lee,Nevada,3,House: 116th (2019-Present),https://susielee.house.gov,"522 Cannon House Office Building, (202) 225-3252",Democratic,287
 Representative Debbie Lesko,Arizona,8,House: 115th-116th (2018-Present),https://lesko.house.gov,"1113 Longworth House Office Building, (202) 225-4576",Republican,288
 Representative Andy Levin,Michigan,9,House: 116th (2019-Present),https://andylevin.house.gov/,"228 Cannon House Office Building, (202) 225-4961",Democratic,289
 Representative Mike Levin,California,49,House: 116th (2019-Present),https://mikelevin.house.gov,"1626 Longworth House Office Building, (202) 225-3906",Democratic,290
 Representative John Lewis,Georgia,5,House: 100th-116th (1987-Present),https://johnlewis.house.gov,"300 Cannon House Office Building, (202) 225-3801",Democratic,291
 Representative Ted Lieu,California,33,House: 114th-116th (2015-Present),https://lieu.house.gov/,"403 Cannon House Office Building, (202) 225-3976",Democratic,292
 Representative Daniel Lipinski,Illinois,3,House: 109th-116th (2005-Present),https://lipinski.house.gov/,"2346 Rayburn House Office Building, (202) 225-5701",Democratic,293
 Representative David Loebsack,Iowa,2,House: 110th-116th (2007-Present),https://loebsack.house.gov/,"1211 Longworth House Office Building, (202) 225-6576",Democratic,294
 Representative Zoe Lofgren,California,19,House: 113th-116th (2013-Present),https://lofgren.house.gov/,"1401 Longworth House Office Building, (202) 225-3072",Democratic,295
 Representative Billy Long,Missouri,7,House: 112th-116th (2011-Present),https://long.house.gov/,"2454 Rayburn House Office Building, (202) 225-6536",Republican,296
 Representative Barry Loudermilk,Georgia,11,House: 114th-116th (2015-Present),https://loudermilk.house.gov,"422 Cannon House Office Building, (202) 225-2931",Republican,297
 Representative Alan S. Lowenthal,California,47,House: 113th-116th (2013-Present),https://lowenthal.house.gov,"108 Cannon House Office Building, (202) 225-7924",Democratic,298
 Representative Nita M. Lowey,New York,17,House: 113th-116th (2013-Present),https://lowey.house.gov,"2365 Rayburn House Office Building, (202) 225-6506",Democratic,299
 Representative Frank D. Lucas,Oklahoma,3,House: 108th-116th (2003-Present),https://lucas.house.gov,"2405 Rayburn House Office Building, (202) 225-5565",Republican,300
 Representative Blaine Luetkemeyer,Missouri,3,House: 113th-116th (2013-Present),https://luetkemeyer.house.gov/,"2230 Rayburn House Office Building, (202) 225-2956",Republican,301
 Representative Ben Ray Lujan,New Mexico,3,House: 111th-116th (2009-Present),https://lujan.house.gov/,"2323 Rayburn House Office Building, (202) 225-6190",Democratic,302
 Representative Elaine G. Luria,Virginia,2,House: 116th (2019-Present),https://luria.house.gov,"534 Cannon House Office Building, (202) 225-4215",Democratic,303
 Representative Stephen F. Lynch,Massachusetts,8,House: 113th-116th (2013-Present),https://lynch.house.gov/,"2109 Rayburn House Office Building, (202) 225-8273",Democratic,304
 Representative Tom Malinowski,New Jersey,7,House: 116th (2019-Present),https://malinowski.house.gov/,"426 Cannon House Office Building, (202) 225-5361",Democratic,305
 Representative Carolyn B. Maloney,New York,12,House: 113th-116th (2013-Present),https://maloney.house.gov/,"2308 Rayburn House Office Building, (202) 225-7944",Democratic,306
 Representative Sean Patrick Maloney,New York,18,House: 113th-116th (2013-Present),https://seanmaloney.house.gov,"2331 Rayburn House Office Building, (202) 225-5441",Democratic,307
 Senator Joe  Manchin III,West Virginia,None,Senate: 111th-116th (2010-Present),http://www.manchin.senate.gov/,"306 Hart Senate Office Building Washington DC 20510, (202) 224-3954",Democratic,308
 Representative Kenny Marchant,Texas,24,House: 109th-116th (2005-Present),https://marchant.house.gov,"2304 Rayburn House Office Building, (202) 225-6605",Republican,309
 Representative Tom Marino,Pennsylvania,12,House: 116th (2019),Website not found.,Contact information not found.,Republican,310
 Senator Edward J. Markey,Massachusetts,None,House: 113th (2013),http://www.markey.senate.gov/,"255 Dirksen Senate Office Building Washington DC 20510, (202) 224-2742",Democratic,311
 Representative Roger W. Marshall,Kansas,1,House: 115th-116th (2017-Present),https://marshall.house.gov,"312 Cannon House Office Building, (202) 225-2715",Republican,312
 Representative Thomas Massie,Kentucky,4,House: 112th-116th (2012-Present),https://massie.house.gov,"2453 Rayburn House Office Building, (202) 225-3465",Republican,313
 Representative Brian J. Mast,Florida,18,House: 115th-116th (2017-Present),https://mast.house.gov,"2182 Rayburn House Office Building, (202) 225-3026",Republican,314
 Representative Doris O. Matsui,California,6,House: 113th-116th (2013-Present),https://matsui.house.gov,"2311 Rayburn House Office Building, (202) 225-7163",Democratic,315
 Representative Ben McAdams,Utah,4,House: 116th (2019-Present),https://mcadams.house.gov/,"130 Cannon House Office Building, (202) 225-3011",Democratic,316
 Representative Lucy McBath,Georgia,6,House: 116th (2019-Present),https://mcbath.house.gov,"1513 Longworth House Office Building, (202) 225-4501",Democratic,317
 Representative Kevin McCarthy,California,23,House: 113th-116th (2013-Present),https://kevinmccarthy.house.gov/,"2468 Rayburn House Office Building, (202) 225-2915",Republican,318
 Representative Michael T. McCaul,Texas,10,House: 109th-116th (2005-Present),https://mccaul.house.gov,"2001 Rayburn House Office Building, (202) 225-2401",Republican,319
 Representative Tom McClintock,California,4,House: 111th-116th (2009-Present),https://mcclintock.house.gov/,"2312 Rayburn House Office Building, (202) 225-2511",Republican,320
 Representative Betty McCollum,Minnesota,4,House: 107th-116th (2001-Present),https://mccollum.house.gov,"2256 Rayburn House Office Building, (202) 225-6631",Democratic,321
 Senator Mitch McConnell,Kentucky,None,Senate: 99th-116th (1985-Present),http://www.mcconnell.senate.gov/,"317 Russell Senate Office Building Washington DC 20510, (202) 224-2541",Republican,322
 Representative A. Donald McEachin,Virginia,4,House: 115th-116th (2017-Present),https://mceachin.house.gov,"314 Cannon House Office Building, (202) 225-6365",Democratic,323
 Representative James P. McGovern,Massachusetts,2,House: 113th-116th (2013-Present),https://mcgovern.house.gov/,"408 Cannon House Office Building, (202) 225-6101",Democratic,324
 Representative Patrick T. McHenry,North Carolina,10,House: 109th-116th (2005-Present),https://mchenry.house.gov,"2004 Rayburn House Office Building, (202) 225-2576",Republican,325
 Representative David B. McKinley,West Virginia,1,House: 112th-116th (2011-Present),https://mckinley.house.gov/,"2239 Rayburn House Office Building, (202) 225-4172",Republican,326
 Representative Cathy McMorris Rodgers,Washington,5,House: 109th-116th (2005-Present),https://mcmorris.house.gov/,"1035 Longworth House Office Building, (202) 225-2006",Republican,327
 Representative Jerry McNerney,California,9,House: 113th-116th (2013-Present),https://mcnerney.house.gov/,"2265 Rayburn House Office Building, (202) 225-1947",Democratic,328
 Senator Martha McSally,Arizona,None,Senate: 116th (2019-Present),https://www.mcsally.senate.gov,"B40D Dirksen Senate Office Building Washington DC 20510, (202) 224-2235",Republican,329
 Representative Mark Meadows,North Carolina,11,House: 113th-116th (2013-Present),https://meadows.house.gov/,"2160 Rayburn House Office Building, (202) 225-6401",Republican,330
 Representative Gregory W. Meeks,New York,5,House: 113th-116th (2013-Present),https://meeks.house.gov,"2310 Rayburn House Office Building, (202) 225-3461",Democratic,331
 Senator Robert Menendez,New Jersey,None,Senate: 109th-116th (2006-Present),http://www.menendez.senate.gov/,"528 Hart Senate Office Building Washington DC 20510, (202) 224-4744",Democratic,332
 Representative Grace Meng,New York,6,House: 113th-116th (2013-Present),https://meng.house.gov,"2209 Rayburn House Office Building, (202) 225-2601",Democratic,333
 Senator Jeff  Merkley,Oregon,None,Senate: 111th-116th (2009-Present),http://www.merkley.senate.gov,"313 Hart Senate Office Building Washington DC 20510, (202) 224-3753",Democratic,334
 Representative Daniel Meuser,Pennsylvania,9,House: 116th (2019-Present),https://meuser.house.gov,"326 Cannon House Office Building, (202) 225-6511",Republican,335
 Representative Carol D. Miller,West Virginia,3,House: 116th (2019-Present),https://miller.house.gov/,"1605 Longworth House Office Building, (202) 225-3452",Republican,336
 Representative Paul Mitchell,Michigan,10,House: 115th-116th (2017-Present),https://mitchell.house.gov,"211 Cannon House Office Building, (202) 225-2106",Republican,337
 Representative John R. Moolenaar,Michigan,4,House: 114th-116th (2015-Present),https://moolenaar.house.gov/,"117 Cannon House Office Building, (202) 225-3561",Republican,338
 Representative Alexander X. Mooney,West Virginia,2,House: 114th-116th (2015-Present),https://mooney.house.gov/,"2440 Rayburn House Office Building, (202) 225-2711",Republican,339
 Representative Gwen Moore,Wisconsin,4,House: 109th-116th (2005-Present),https://gwenmoore.house.gov,"2252 Rayburn House Office Building, (202) 225-4572",Democratic,340
 Senator Jerry Moran,Kansas,None,Senate: 112th-116th (2011-Present),http://www.moran.senate.gov,"521 Dirksen Senate Office Building Washington DC 20510, (202) 224-6521",Republican,341
 Representative Joseph D. Morelle,New York,25,House: 115th-116th (2018-Present),https://morelle.house.gov,"1317 Longworth House Office Building, (202) 225-3615",Democratic,342
 Representative Seth Moulton,Massachusetts,6,House: 114th-116th (2015-Present),https://moulton.house.gov/,"1127 Longworth House Office Building, (202) 225-8020",Democratic,343
 Representative Debbie Mucarsel-Powell,Florida,26,House: 116th (2019-Present),https://mucarsel-powell.house.gov,"114 Cannon House Office Building, (202) 225-2778",Democratic,344
 Representative Markwayne Mullin,Oklahoma,2,House: 113th-116th (2013-Present),https://mullin.house.gov,"2421 Rayburn House Office Building, (202) 225-2701",Republican,345
 Senator Lisa Murkowski,Alaska,None,Senate: 108th-116th (2003-Present),http://www.murkowski.senate.gov/,"522 Hart Senate Office Building Washington DC 20510, (202) 224-6665",Republican,346
 Senator Christopher Murphy,Connecticut,None,Senate: 113th-116th (2013-Present),http://www.murphy.senate.gov/,"136 Hart Senate Office Building Washington DC 20510, (202) 224-4041",Democratic,347
 Representative Stephanie N. Murphy,Florida,7,House: 115th-116th (2017-Present),https://murphy.house.gov,"1710 Longworth House Office Building, (202) 225-4035",Democratic,348
 Senator Patty Murray,Washington,None,Senate: 103rd-116th (1993-Present),http://www.murray.senate.gov/,"154 Russell Senate Office Building Washington DC 20510, (202) 224-2621",Democratic,349
 Representative Jerrold Nadler,New York,10,House: 113th-116th (2013-Present),https://nadler.house.gov,"2132 Rayburn House Office Building, (202) 225-5635",Democratic,350
 Representative Grace F. Napolitano,California,32,House: 113th-116th (2013-Present),https://napolitano.house.gov/,"1610 Longworth House Office Building, (202) 225-5256",Democratic,351
 Representative Richard E. Neal,Massachusetts,1,House: 113th-116th (2013-Present),https://neal.house.gov/,"2309 Rayburn House Office Building, (202) 225-5601",Democratic,352
 Representative Joe Neguse,Colorado,2,House: 116th (2019-Present),https://neguse.house.gov/,"1419 Longworth House Office Building, (202) 225-2161",Democratic,353
 Representative Dan Newhouse,Washington,4,House: 114th-116th (2015-Present),https://newhouse.house.gov,"1414 Longworth House Office Building, (202) 225-5816",Republican,354
 Representative Donald Norcross,New Jersey,1,House: 113th-116th (2014-Present),https://norcross.house.gov,"2437 Rayburn House Office Building, (202) 225-6501",Democratic,355
 Representative Ralph Norman,South Carolina,5,House: 115th-116th (2017-Present),https://norman.house.gov,"319 Cannon House Office Building, (202) 225-5501",Republican,356
 Representative Eleanor Holmes Norton,District of Columbia,At Large,House: 102nd-116th (1991-Present),https://norton.house.gov/,"2136 Rayburn House Office Building, (202) 225-8050",Democratic,357
 Representative Devin Nunes,California,22,House: 113th-116th (2013-Present),https://nunes.house.gov/,"1013 Longworth House Office Building(, 202) 225-2523",Republican,358
 Representative Tom O'Halleran,Arizona,1,House: 115th-116th (2017-Present),https://ohalleran.house.gov,"324 Cannon House Office Building, (202) 225-3361",Democratic,359
 Representative Alexandria Ocasio-Cortez,New York,14,House: 116th (2019-Present),https://ocasio-cortez.house.gov/,"229 Cannon House Office Building, (202) 225-3965",Democratic,360
 Representative Pete Olson,Texas,22,House: 111th-116th (2009-Present),https://olson.house.gov/,"2133 Rayburn House Office Building, (202) 225-5951",Republican,361
 Representative Ilhan Omar,Minnesota,5,House: 116th (2019-Present),https://omar.house.gov/,"1517 Longworth House Office Building, (202) 225-4755",Democratic,362
 Representative Steven M. Palazzo,Mississippi,4,House: 112th-116th (2011-Present),https://palazzo.house.gov/,"2349 Rayburn House Office Building, (202) 225-5772",Republican,363
" Representative Frank Pallone, Jr.",New Jersey,6,House: 103rd-116th (1993-Present),https://pallone.house.gov,"2107 Rayburn House Office Building, (202) 225-4671",Democratic,364
 Representative Gary J. Palmer,Alabama,6,House: 114th-116th (2015-Present),https://palmer.house.gov/,"207 Cannon House Office Building, (202) 225-4921",Republican,365
 Representative Jimmy Panetta,California,20,House: 115th-116th (2017-Present),https://panetta.house.gov,"212 Cannon House Office Building, (202) 225-2861",Democratic,366
 Representative Chris Pappas,New Hampshire,1,House: 116th (2019-Present),https://pappas.house.gov,"323 Cannon House Office Building, (202) 225-5456",Democratic,367
" Representative Bill Pascrell, Jr.",New Jersey,9,House: 113th-116th (2013-Present),https://pascrell.house.gov/,"2409 Rayburn House Office Building, (202) 225-5751",Democratic,368
 Senator Rand  Paul,Kentucky,None,Senate: 112th-116th (2011-Present),http://www.paul.senate.gov,"167 Russell Senate Office Building Washington DC 20510, (202) 224-4343",Republican,369
" Representative Donald M. Payne, Jr.",New Jersey,10,House: 112th-116th (2012-Present),https://payne.house.gov,"103 Cannon House Office Building, (202) 225-3436",Democratic,370
 Representative Nancy Pelosi,California,12,House: 113th-116th (2013-Present),https://pelosi.house.gov/,"1236 Longworth House Office Building, (202) 225-4965",Democratic,371
 Representative Greg Pence,Indiana,6,House: 116th (2019-Present),https://pence.house.gov/,"222 Cannon House Office Building, (202) 225-3021",Republican,372
 Senator David Perdue,Georgia,None,Senate: 114th-116th (2015-Present),http://www.perdue.senate.gov,"455 Russell Senate Office Building Washington DC 20510, (202) 224-3521",Republican,373
 Representative Ed Perlmutter,Colorado,7,House: 110th-116th (2007-Present),https://perlmutter.house.gov/,"1226 Longworth House Office Building, (202) 225-2645",Democratic,374
 Representative Scott Perry,Pennsylvania,10,House: 116th (2019-Present),https://perry.house.gov/,"1207 Longworth House Office Building, (202) 225-5836",Republican,375
 Senator Gary C. Peters,Michigan,None,Senate: 114th-116th (2015-Present),http://www.peters.senate.gov,"724 Hart Senate Office Building Washington DC 20510, (202) 224-6221",Democratic,376
 Representative Scott H. Peters,California,52,House: 113th-116th (2013-Present),https://scottpeters.house.gov,"2338 Rayburn House Office Building, (202) 225-0508",Democratic,377
 Representative Collin C. Peterson,Minnesota,7,House: 102nd-116th (1991-Present),https://collinpeterson.house.gov,"2204 Rayburn House Office Building, (202) 225-2165",Democratic,378
 Representative Dean Phillips,Minnesota,3,House: 116th (2019-Present),https://phillips.house.gov/,"1305 Longworth House Office Building, (202) 225-2871",Democratic,379
 Representative Chellie Pingree,Maine,1,House: 111th-116th (2009-Present),https://pingree.house.gov/,"2162 Rayburn House Office Building, (202) 225-6116",Democratic,380
 Representative Stacey E. Plaskett,Virgin Islands,At Large,House: 114th-116th (2015-Present),https://plaskett.house.gov/,"2404 Rayburn House Office Building, (202) 225-1790",Democratic,381
 Representative Mark Pocan,Wisconsin,2,House: 113th-116th (2013-Present),https://pocan.house.gov,"1421 Longworth House Office Building, (202) 225-2906",Democratic,382
 Representative Katie Porter,California,45,House: 116th (2019-Present),https://porter.house.gov/,"1117 Longworth House Office Building, (202) 225-5611",Democratic,383
 Senator Rob Portman,Ohio,None,Senate: 112th-116th (2011-Present),http://www.portman.senate.gov,"448 Russell Senate Office Building Washington DC 20510, (202) 224-3353",Republican,384
 Representative Bill Posey,Florida,8,House: 113th-116th (2013-Present),https://posey.house.gov/,"2150 Rayburn House Office Building, (202) 225-3671",Republican,385
 Representative Ayanna Pressley,Massachusetts,7,House: 116th (2019-Present),https://pressley.house.gov,"1108 Longworth House Office Building, (202) 225-5111",Democratic,386
 Representative David E. Price,North Carolina,4,House: 105th-116th (1997-Present),https://price.house.gov/,"2108 Rayburn House Office Building, (202) 225-1784",Democratic,387
 Representative Mike Quigley,Illinois,5,House: 111th-116th (2009-Present),https://quigley.house.gov/,"2458 Rayburn House Office Building, (202) 225-4061",Democratic,388
 Representative Aumua Amata Coleman Radewagen,American Samoa,At Large,House: 114th-116th (2015-Present),https://radewagen.house.gov/,"1339 Longworth House Office Building, (202) 225-8577",Republican,389
 Representative Jamie Raskin,Maryland,8,House: 115th-116th (2017-Present),https://raskin.house.gov,"412 Cannon House Office Building, (202) 225-5341",Democratic,390
 Representative John Ratcliffe,Texas,4,House: 114th-116th (2015-Present),https://ratcliffe.house.gov/,"223 Cannon House Office Building, (202) 225-6673",Republican,391
 Senator Jack Reed,Rhode Island,None,Senate: 105th-116th (1997-Present),http://www.reed.senate.gov/,"728 Hart Senate Office Building Washington DC 20510, (202) 224-4642",Democratic,392
 Representative Tom Reed,New York,23,House: 113th-116th (2013-Present),https://reed.house.gov/,"2263 Rayburn House Office Building, (202) 225-3161",Republican,393
 Representative Guy Reschenthaler,Pennsylvania,14,House: 116th (2019-Present),https://reschenthaler.house.gov/,"531 Cannon House Office Building, (202) 225-2065",Republican,394
 Representative Kathleen M. Rice,New York,4,House: 114th-116th (2015-Present),https://kathleenrice.house.gov,"2435 Rayburn House Office Building, (202) 225-5516",Democratic,395
 Representative Tom Rice,South Carolina,7,House: 113th-116th (2013-Present),https://rice.house.gov,"512 Cannon House Office Building, (202) 225-9895",Republican,396
 Representative Cedric L. Richmond,Louisiana,2,House: 112th-116th (2011-Present),https://richmond.house.gov/,"506 Cannon House Office Building, (202) 225-6636",Democratic,397
 Representative Denver Riggleman,Virginia,5,House: 116th (2019-Present),https://riggleman.house.gov,"1022 Longworth House Office Building, (202) 225-4711",Republican,398
 Senator James E. Risch,Idaho,None,Senate: 111th-116th (2009-Present),http://www.risch.senate.gov,"483 Russell Senate Office Building Washington DC 20510, (202) 224-2752",Republican,399
 Senator Pat Roberts,Kansas,None,Senate: 105th-116th (1997-Present),http://www.roberts.senate.gov/,"109 Hart Senate Office Building Washington DC 20510, (202) 224-4774",Republican,400
 Representative Martha Roby,Alabama,2,House: 112th-116th (2011-Present),https://roby.house.gov/,"504 Cannon House Office Building, (202) 225-2901",Republican,401
 Representative David P. Roe,Tennessee,1,House: 111th-116th (2009-Present),https://roe.house.gov/,"102 Cannon House Office Building, (202) 225-6356",Republican,402
 Representative Harold Rogers,Kentucky,5,House: 97th-116th (1981-Present),https://halrogers.house.gov/,"2406 Rayburn House Office Building, (202) 225-4601",Republican,403
 Representative Mike Rogers,Alabama,3,House: 108th-116th (2003-Present),https://mikerogers.house.gov/,"2184 Rayburn House Office Building, (202) 225-3261",Republican,404
 Senator Mitt  Romney,Utah,None,Senate: 116th (2019-Present),https://www.romney.senate.gov,"124 Russell Senate Office Building Washington DC 20510, (202) 224-5251",Republican,405
 Representative Francis Rooney,Florida,19,House: 115th-116th (2017-Present),https://francisrooney.house.gov,"120 Cannon House Office Building, (202) 225-2536",Republican,406
 Representative John W. Rose,Tennessee,6,House: 116th (2019-Present),https://johnrose.house.gov/,"1232 Longworth House Office Building, (202) 225-4231",Republican,407
 Representative Max Rose,New York,11,House: 116th (2019-Present),https://maxrose.house.gov/,"1529 Longworth House Office Building, (202) 225-3371",Democratic,408
 Senator Jacky Rosen,Nevada,None,Senate: 116th (2019-Present),https://www.rosen.senate.gov,"144 Russell Senate Office Building Washington DC 20510, (202) 224-6244",Democratic,409
 Representative Harley Rouda,California,48,House: 116th (2019-Present),https://rouda.house.gov,"2300 Rayburn House Office Building, (202) 225-2415",Democratic,410
 Senator Mike  Rounds,South Dakota,None,Senate: 114th-116th (2015-Present),http://www.rounds.senate.gov,"502 Hart Senate Office Building Washington DC 20510, (202) 224-5842",Republican,411
 Representative David Rouzer,North Carolina,7,House: 114th-116th (2015-Present),https://rouzer.house.gov/,"2439 Rayburn House Office Building, (202) 225-2731",Republican,412
 Representative Chip Roy,Texas,21,House: 116th (2019-Present),https://roy.house.gov,"1319 Longworth House Office Building, (202) 225-4236",Republican,413
 Representative Lucille Roybal-Allard,California,40,House: 113th-116th (2013-Present),https://roybal-allard.house.gov,"2083 Rayburn House Office Building, (202) 225-1766",Democratic,414
 Senator Marco  Rubio,Florida,None,Senate: 112th-116th (2011-Present),http://www.rubio.senate.gov,"284 Russell Senate Office Building Washington DC 20510, (202) 224-3041",Republican,415
 Representative Raul Ruiz,California,36,House: 113th-116th (2013-Present),https://ruiz.house.gov,"2342 Rayburn House Office Building, (202) 225-5330",Democratic,416
 Representative C. A. Dutch Ruppersberger,Maryland,2,House: 108th-116th (2003-Present),https://ruppersberger.house.gov,"2206 Rayburn House Office Building, (202) 225-3061",Democratic,417
 Representative Bobby L. Rush,Illinois,1,House: 103rd-116th (1993-Present),https://rush.house.gov,"2188 Rayburn House Office Building, (202) 225-4372",Democratic,418
 Representative John H. Rutherford,Florida,4,House: 115th-116th (2017-Present),https://rutherford.house.gov,"1711 Longworth House Office Building, (202) 225-2501",Republican,419
 Representative Tim Ryan,Ohio,13,House: 113th-116th (2013-Present),https://timryan.house.gov/,"1126 Longworth House Office Building, (202) 225-5261",Democratic,420
 Representative Gregorio Kilili Camacho Sablan,Northern Mariana Islands,At Large,House: 111th-116th (2009-Present),https://sablan.house.gov/,"2411 Rayburn House Office Building, (202) 225-2646",Democratic,421
 Representative Michael F. Q. San Nicolas,Guam,At Large,House: 116th (2019-Present),https://sannicolas.house.gov,"1632 Longworth House Office Building, (202) 225-1188",Democratic,422
 Representative Linda T. Sanchez,California,38,House: 113th-116th (2013-Present),https://lindasanchez.house.gov/,"2329 Rayburn House Office Building, (202) 225-6676",Democratic,423
 Senator Bernard Sanders,Vermont,None,Senate: 110th-116th (2007-Present),http://www.sanders.senate.gov/,"332 Dirksen Senate Office Building Washington DC 20510, (202) 224-5141",Independent,424
 Representative John P. Sarbanes,Maryland,3,House: 110th-116th (2007-Present),https://sarbanes.house.gov/,"2370 Rayburn House Office Building, (202) 225-4016",Democratic,425
 Senator Ben  Sasse,Nebraska,None,Senate: 114th-116th (2015-Present),http://www.sasse.senate.gov,"107 Russell Senate Office Building Washington DC 20510, (202) 224-4224",Republican,426
 Representative Steve Scalise,Louisiana,1,House: 110th-116th (2008-Present),https://scalise.house.gov/,"2049 Rayburn House Office Building, (202) 225-3015",Republican,427
 Representative Mary Gay Scanlon,Pennsylvania,5,House: 116th (2019-Present),https://scanlon.house.gov/,"1535 Longworth House Office Building, (202) 225-2011",Democratic,428
 Representative Janice D. Schakowsky,Illinois,9,House: 106th-116th (1999-Present),https://schakowsky.house.gov,"2367 Rayburn House Office Building, (202) 225-2111",Democratic,429
 Senator Brian  Schatz,Hawaii,None,Senate: 112th-116th (2012-Present),http://www.schatz.senate.gov,"722 Hart Senate Office Building Washington DC 20510, (202) 224-3934",Democratic,430
 Representative Adam B. Schiff,California,28,House: 113th-116th (2013-Present),https://schiff.house.gov/,"2269 Rayburn House Office Building, (202) 225-4176",Democratic,431
 Representative Bradley Scott Schneider,Illinois,10,House: 115th-116th (2017-Present),https://schneider.house.gov,"1432 Longworth House Office Building, (202) 225-4835",Democratic,432
 Representative Kurt Schrader,Oregon,5,House: 111th-116th (2009-Present),https://schrader.house.gov/,"2431 Rayburn House Office Building, (202) 225-5711",Democratic,433
 Representative Kim Schrier,Washington,8,House: 116th (2019-Present),https://schrier.house.gov,"1123 Longworth House Office Building, (202) 225-7761",Democratic,434
 Senator Charles E. Schumer,New York,None,Senate: 106th-116th (1999-Present),http://www.schumer.senate.gov/,"322 Hart Senate Office Building Washington DC 20510, (202) 224-6542",Democratic,435
 Representative David Schweikert,Arizona,6,House: 113th-116th (2013-Present),https://schweikert.house.gov/,"1526 Longworth House Office Building, (202) 225-2190",Republican,436
 Representative Austin Scott,Georgia,8,House: 112th-116th (2011-Present),https://austinscott.house.gov/,"2417 Rayburn House Office Building, (202) 225-6531",Republican,437
 Representative David Scott,Georgia,13,House: 108th-116th (2003-Present),https://davidscott.house.gov/,"225 Cannon House Office Building, (202) 225-2939",Democratic,438
 Senator Rick  Scott,Florida,None,Senate: 116th (2019-Present),http://www.rickscott.senate.gov/,"716 Hart Senate Office Building Washington DC 20510, (202) 224-5274",Republican,439
" Representative Robert C. ""Bobby"" Scott",Virginia,3,House: 103rd-116th (1993-Present),https://bobbyscott.house.gov,"1201 Longworth House Office Building, (202) 225-8351",Democratic,440
 Senator Tim Scott,South Carolina,None,Senate: 113th-116th (2013-Present),http://www.scott.senate.gov/,"104 Hart Senate Office Building Washington DC 20510, (202) 224-6121",Republican,441
" Representative F. James Sensenbrenner, Jr.",Wisconsin,5,House: 108th-116th (2003-Present),https://sensenbrenner.house.gov,"2449 Rayburn House Office Building, (202) 225-5101",Republican,442
 Representative Jose E. Serrano,New York,15,House: 113th-116th (2013-Present),https://serrano.house.gov/,"2354 Rayburn House Office Building, (202) 225-4361",Democratic,443
 Representative Terri A. Sewell,Alabama,7,House: 112th-116th (2011-Present),https://sewell.house.gov/,"2201 Rayburn House Office Building, (202) 225-2665",Democratic,444
 Senator Jeanne  Shaheen,New Hampshire,None,Senate: 111th-116th (2009-Present),http://www.shaheen.senate.gov,"506 Hart Senate Office Building Washington DC 20510, (202) 224-2841",Democratic,445
 Representative Donna E. Shalala,Florida,27,House: 116th (2019-Present),https://shalala.house.gov/,"1320 Longworth House Office Building, (202) 225-3931",Democratic,446
 Senator Richard C. Shelby,Alabama,None,Senate: 100th-116th (1987-Present),http://www.shelby.senate.gov/,"304 Russell Senate Office Building Washington DC 20510, (202) 224-5744",Republican (1995-Present),447
 Representative Brad Sherman,California,30,House: 113th-116th (2013-Present),https://sherman.house.gov,"2181 Rayburn House Office Building, (202) 225-5911",Democratic,448
 Representative Mikie Sherrill,New Jersey,11,House: 116th (2019-Present),https://sherrill.house.gov/,"1208 Longworth House Office Building, (202) 225-5034",Democratic,449
 Representative John Shimkus,Illinois,15,House: 113th-116th (2013-Present),https://shimkus.house.gov/,"2217 Rayburn House Office Building, (202) 225-5271",Republican,450
 Representative Michael K. Simpson,Idaho,2,House: 106th-116th (1999-Present),https://simpson.house.gov,"2084 Rayburn House Office Building, (202) 225-5531",Republican,451
 Senator Kyrsten Sinema,Arizona,None,Senate: 116th (2019-Present),https://www.sinema.senate.gov,"317 Hart Senate Office Building Washington DC 20510, (202) 224-4521",Democratic,452
 Representative Albio Sires,New Jersey,8,House: 113th-116th (2013-Present),https://sires.house.gov,"2268 Rayburn House Office Building, (202) 225-7919",Democratic,453
 Representative Elissa Slotkin,Michigan,8,House: 116th (2019-Present),https://slotkin.house.gov/,"1531 Longworth House Office Building, (202) 225-4872",Democratic,454
 Representative Adam Smith,Washington,9,House: 105th-116th (1997-Present),https://adamsmith.house.gov/,"2264 Rayburn House Office Building, (202) 225-8901",Democratic,455
 Representative Adrian Smith,Nebraska,3,House: 110th-116th (2007-Present),https://adriansmith.house.gov/,"502 Cannon House Office Building, (202) 225-6435",Republican,456
 Representative Christopher H. Smith,New Jersey,4,House: 97th-116th (1981-Present),https://chrissmith.house.gov/,"2373 Rayburn House Office Building, (202) 225-3765",Republican,457
 Representative Jason Smith,Missouri,8,House: 113th-116th (2013-Present),https://jasonsmith.house.gov,"2418 Rayburn House Office Building, (202) 225-4404",Republican,458
 Senator Tina  Smith,Minnesota,None,Senate: 115th-116th (2018-Present),https://www.smith.senate.gov,"720 Hart Senate Office Building Washington DC 20510, (202) 224-5641",Democratic,459
 Representative Lloyd Smucker,Pennsylvania,11,House: 116th (2019-Present),https://smucker.house.gov/,"127 Cannon House Office Building, (202) 225-2411",Republican,460
 Representative Darren Soto,Florida,9,House: 115th-116th (2017-Present),https://soto.house.gov,"1507 Longworth House Office Building, (202) 225-9889",Democratic,461
 Representative Abigail Davis Spanberger,Virginia,7,House: 116th (2019-Present),https://spanberger.house.gov,"1239 Longworth House Office Building, (202) 225-2815",Democratic,462
 Representative Ross Spano,Florida,15,House: 116th (2019-Present),https://spano.house.gov/,"224 Cannon House Office Building, (202) 225-1252",Republican,463
 Representative Jackie Speier,California,14,House: 113th-116th (2013-Present),https://speier.house.gov/,"2465 Rayburn House Office Building, (202) 225-3531",Democratic,464
 Senator Debbie Stabenow,Michigan,None,Senate: 107th-116th (2001-Present),http://www.stabenow.senate.gov/,"731 Hart Senate Office Building Washington DC 20510, (202) 224-4822",Democratic,465
 Representative Greg Stanton,Arizona,9,House: 116th (2019-Present),https://stanton.house.gov/,"128 Cannon House Office Building, (202) 225-9888",Democratic,466
 Representative Pete Stauber,Minnesota,8,House: 116th (2019-Present),https://stauber.house.gov,"126 Cannon House Office Building, (202) 225-6211",Republican,467
 Representative Elise M. Stefanik,New York,21,House: 114th-116th (2015-Present),https://stefanik.house.gov/,"318 Cannon House Office Building, (202) 225-4611",Republican,468
 Representative Bryan Steil,Wisconsin,1,House: 116th (2019-Present),https://steil.house.gov,"1408 Longworth House Office Building, (202) 225-3031",Republican,469
 Representative W. Gregory Steube,Florida,17,House: 116th (2019-Present),https://steube.house.gov/,"521 Cannon House Office Building, (202) 225-5792",Republican,470
 Representative Haley M. Stevens,Michigan,11,House: 116th (2019-Present),https://stevens.house.gov/,"227 Cannon House Office Building, (202) 225-8171",Democratic,471
 Representative Chris Stewart,Utah,2,House: 113th-116th (2013-Present),https://stewart.house.gov,"2242 Rayburn House Office Building, (202) 225-9730",Republican,472
 Representative Steve Stivers,Ohio,15,House: 112th-116th (2011-Present),https://stivers.house.gov/,"2234 Rayburn House Office Building, (202) 225-2015",Republican,473
 Senator Dan  Sullivan,Alaska,None,Senate: 114th-116th (2015-Present),http://www.sullivan.senate.gov,"302 Hart Senate Office Building Washington DC 20510, (202) 224-3004",Republican,474
 Representative Thomas R. Suozzi,New York,3,House: 115th-116th (2017-Present),https://suozzi.house.gov,"214 Cannon House Office Building, (202) 225-3335",Democratic,475
 Representative Eric Swalwell,California,15,House: 113th-116th (2013-Present),https://swalwell.house.gov,"407 Cannon House Office Building, (202) 225-5065",Democratic,476
 Representative Mark Takano,California,41,House: 113th-116th (2013-Present),https://takano.house.gov,"420 Cannon House Office Building, (202) 225-2305",Democratic,477
 Representative Van Taylor,Texas,3,House: 116th (2019-Present),https://vantaylor.house.gov/,"1404 Longworth House Office Building, (202) 225-4201",Republican,478
 Senator Jon Tester,Montana,None,Senate: 110th-116th (2007-Present),http://www.tester.senate.gov/,"311 Hart Senate Office Building Washington DC 20510, (202) 224-2644",Democratic,479
 Representative Bennie G. Thompson,Mississippi,2,House: 103rd-116th (1993-Present),https://benniethompson.house.gov/,"2466 Rayburn House Office Building, (202) 225-5876",Democratic,480
 Representative Glenn Thompson,Pennsylvania,15,House: 116th (2019-Present),https://thompson.house.gov,"400 Cannon House Office Building, (202) 225-5121",Republican,481
 Representative Mike Thompson,California,5,House: 113th-116th (2013-Present),https://mikethompson.house.gov/,"406 Cannon House Office Building, (202) 225-3311",Democratic,482
 Representative Mac Thornberry,Texas,13,House: 104th-116th (1995-Present),https://thornberry.house.gov,"2208 Rayburn House Office Building, (202) 225-3706",Republican,483
 Senator John Thune,South Dakota,None,Senate: 109th-116th (2005-Present),http://www.thune.senate.gov/,"511 Dirksen Senate Office Building Washington DC 20510, (202) 224-2321",Republican,484
 Senator Thom Tillis,North Carolina,None,Senate: 114th-116th (2015-Present),http://www.tillis.senate.gov,"113 Dirksen Senate Office Building Washington DC 20510, (202) 224-6342",Republican,485
 Representative William R. Timmons IV,South Carolina,4,House: 116th (2019-Present),https://timmons.house.gov/,"313 Cannon House Office Building, (202) 225-6030",Republican,486
 Representative Scott R. Tipton,Colorado,3,House: 112th-116th (2011-Present),https://tipton.house.gov/,"218 Cannon House Office Building, (202) 225-4761",Republican,487
 Representative Dina Titus,Nevada,1,House: 113th-116th (2013-Present),https://titus.house.gov/,"2464 Rayburn House Office Building, (202) 225-5965",Democratic,488
 Representative Rashida Tlaib,Michigan,13,House: 116th (2019-Present),https://tlaib.house.gov/,"1628 Longworth House Office Building, (202) 225-5126",Democratic,489
 Representative Paul Tonko,New York,20,House: 113th-116th (2013-Present),https://tonko.house.gov/,"2369 Rayburn House Office Building, (202) 225-5076",Democratic,490
 Senator Pat Toomey,Pennsylvania,None,Senate: 112th-116th (2011-Present),http://www.toomey.senate.gov/,"248 Russell Senate Office Building Washington DC 20510, (202) 224-4254",Republican,491
 Representative Xochitl Torres Small,New Mexico,2,House: 116th (2019-Present),https://torressmall.house.gov/,"430 Cannon House Office Building, (202) 225-2365",Democratic,492
 Representative Norma J. Torres,California,35,House: 114th-116th (2015-Present),https://torres.house.gov/,"2444 Rayburn House Office Building, (202) 225-6161",Democratic,493
 Representative Lori Trahan,Massachusetts,3,House: 116th (2019-Present),https://trahan.house.gov,"1616 Longworth House Office Building, (202) 225-3411",Democratic,494
 Representative David J. Trone,Maryland,6,House: 116th (2019-Present),https://trone.house.gov,"1213 Longworth House Office Building, (202) 225-2721",Democratic,495
 Representative Michael R. Turner,Ohio,10,House: 113th-116th (2013-Present),https://turner.house.gov/,"2082 Rayburn House Office Building, (202) 225-6465",Republican,496
 Senator Tom Udall,New Mexico,None,Senate: 111th-116th (2009-Present),http://www.tomudall.senate.gov,"531 Hart Senate Office Building Washington DC 20510, (202) 224-6621",Democratic,497
 Representative Lauren Underwood,Illinois,14,House: 116th (2019-Present),https://underwood.house.gov/,"1118 Longworth House Office Building, (202) 225-2976",Democratic,498
 Representative Fred Upton,Michigan,6,House: 103rd-116th (1993-Present),https://upton.house.gov,"2183 Rayburn House Office Building, (202) 225-3761",Republican,499
 Representative Jefferson Van Drew,New Jersey,2,House: 116th (2019-Present),https://vandrew.house.gov,"331 Cannon House Office Building, (202) 225-6572",Democratic,500
 Senator Chris Van Hollen,Maryland,None,Senate: 115th-116th (2017-Present),http://www.vanhollen.senate.gov,"110 Hart Senate Office Building Washington DC 20510, (202) 224-4654",Democratic,501
 Representative Juan Vargas,California,51,House: 113th-116th (2013-Present),https://vargas.house.gov,"2244 Rayburn House Office Building, (202) 225-8045",Democratic,502
 Representative Marc A. Veasey,Texas,33,House: 113th-116th (2013-Present),https://veasey.house.gov,"2348 Rayburn House Office Building, (202) 225-9897",Democratic,503
 Representative Filemon Vela,Texas,34,House: 113th-116th (2013-Present),https://vela.house.gov,"307 Cannon House Office Building, (202) 225-9901",Democratic,504
 Representative Nydia M. Velazquez,New York,7,House: 113th-116th (2013-Present),https://velazquez.house.gov,"2302 Rayburn House Office Building, (202) 225-2361",Democratic,505
 Representative Peter J. Visclosky,Indiana,1,House: 99th-116th (1985-Present),https://visclosky.house.gov/,"2328 Rayburn House Office Building, (202) 225-2461",Democratic,506
 Representative Ann Wagner,Missouri,2,House: 113th-116th (2013-Present),https://wagner.house.gov,"2350 Rayburn House Office Building, (202) 225-1621",Republican,507
 Representative Tim Walberg,Michigan,7,House: 112th-116th (2011-Present),https://walberg.house.gov/,"2266 Rayburn House Office Building, (202) 225-6276",Republican,508
 Representative Greg Walden,Oregon,2,House: 106th-116th (1999-Present),https://walden.house.gov/,"2185 Rayburn House Office Building, (202) 225-6730",Republican,509
 Representative Mark Walker,North Carolina,6,House: 114th-116th (2015-Present),https://walker.house.gov/,"1725 Longworth House Office Building, (202) 225-3065",Republican,510
 Representative Jackie Walorski,Indiana,2,House: 113th-116th (2013-Present),https://walorski.house.gov,"419 Cannon House Office Building, (202) 225-3915",Republican,511
 Representative Michael Waltz,Florida,6,House: 116th (2019-Present),https://waltz.house.gov,"216 Cannon House Office Building, (202) 225-2706",Republican,512
 Senator Mark R. Warner,Virginia,None,Senate: 111th-116th (2009-Present),http://www.warner.senate.gov,"703 Hart Senate Office Building Washington DC 20510, (202) 224-2023",Democratic,513
 Senator Elizabeth Warren,Massachusetts,None,Senate: 113th-116th (2013-Present),http://www.warren.senate.gov,"309 Hart Senate Office Building Washington DC 20510, (202) 224-4543",Democratic,514
 Representative Debbie Wasserman Schultz,Florida,23,House: 113th-116th (2013-Present),https://wassermanschultz.house.gov/,"1114 Longworth House Office Building, (202) 225-7931",Democratic,515
 Representative Maxine Waters,California,43,House: 113th-116th (2013-Present),https://waters.house.gov,"2221 Rayburn House Office Building, (202) 225-2201",Democratic,516
 Representative Steve Watkins,Kansas,2,House: 116th (2019-Present),https://watkins.house.gov/,"1205 Longworth House Office Building, (202) 225-6601",Republican,517
 Representative Bonnie Watson Coleman,New Jersey,12,House: 114th-116th (2015-Present),https://watsoncoleman.house.gov/,"2442 Rayburn House Office Building, (202) 225-5801",Democratic,518
" Representative Randy K. Weber, Sr.",Texas,14,House: 113th-116th (2013-Present),https://weber.house.gov,"107 Cannon House Office Building, (202) 225-2831",Republican,519
 Representative Daniel Webster,Florida,11,House: 115th-116th (2017-Present),https://webster.house.gov/,"1210 Longworth House Office Building, (202) 225-1002",Republican,520
 Representative Peter Welch,Vermont,At Large,House: 110th-116th (2007-Present),https://welch.house.gov/,"2187 Rayburn House Office Building, (202) 225-4115",Democratic,521
 Representative Brad R. Wenstrup,Ohio,2,House: 113th-116th (2013-Present),https://wenstrup.house.gov,"2419 Rayburn House Office Building, (202) 225-3164",Republican,522
 Representative Bruce Westerman,Arkansas,4,House: 114th-116th (2015-Present),https://westerman.house.gov/,"209 Cannon House Office Building, (202) 225-3772",Republican,523
 Representative Jennifer Wexton,Virginia,10,House: 116th (2019-Present),https://wexton.house.gov/,"1217 Longworth House Office Building, (202) 225-5136",Democratic,524
 Senator Sheldon Whitehouse,Rhode Island,None,Senate: 110th-116th (2007-Present),http://www.whitehouse.senate.gov/,"530 Hart Senate Office Building Washington DC 20510, (202) 224-2921",Democratic,525
 Senator Roger F. Wicker,Mississippi,None,Senate: 110th-116th (2007-Present),http://www.wicker.senate.gov,"555 Dirksen Senate Office Building Washington DC 20510, (202) 224-6253",Republican,526
 Representative Susan Wild,Pennsylvania,7,House: 116th (2019-Present),https://wild.house.gov,"1607 Longworth House Office Building, (202) 225-6411",Democratic,527
 Representative Roger Williams,Texas,25,House: 113th-116th (2013-Present),https://williams.house.gov,"1708 Longworth House Office Building, (202) 225-9896",Republican,528
 Representative Frederica S. Wilson,Florida,24,House: 113th-116th (2013-Present),https://wilson.house.gov/,"2445 Rayburn House Office Building, (202) 225-4506",Democratic,529
 Representative Joe Wilson,South Carolina,2,House: 107th-116th (2001-Present),https://joewilson.house.gov/,"1436 Longworth House Office Building, (202) 225-2452",Republican,530
 Representative Robert J. Wittman,Virginia,1,House: 110th-116th (2007-Present),https://wittman.house.gov/,"2055 Rayburn House Office Building, (202) 225-4261",Republican,531
 Representative Steve Womack,Arkansas,3,House: 112th-116th (2011-Present),https://womack.house.gov/,"2412 Rayburn House Office Building, (202) 225-4301",Republican,532
 Representative Rob Woodall,Georgia,7,House: 112th-116th (2011-Present),https://woodall.house.gov/,"1724 Longworth House Office Building, (202) 225-4272",Republican,533
 Representative Ron Wright,Texas,6,House: 116th (2019-Present),https://wright.house.gov/,"428 Cannon House Office Building, (202) 225-2002",Republican,534
 Senator Ron Wyden,Oregon,None,Senate: 104th-116th (1996-Present),http://www.wyden.senate.gov/,"221 Dirksen Senate Office Building Washington DC 20510, (202) 224-5244",Democratic,535
 Representative John A. Yarmuth,Kentucky,3,House: 110th-116th (2007-Present),https://yarmuth.house.gov/,"402 Cannon House Office Building, (202) 225-5401",Democratic,536
 Representative Ted S. Yoho,Florida,3,House: 113th-116th (2013-Present),https://yoho.house.gov,"1730 Longworth House Office Building, (202) 225-5744",Republican,537
 Representative Don Young,Alaska,At Large,House: 93rd-116th (1973-Present),https://donyoung.house.gov/,"2314 Rayburn House Office Building, (202) 225-5765",Republican,538
 Senator Todd Young,Indiana,None,Senate: 115th-116th (2017-Present),http://www.young.senate.gov,"185 Dirksen Senate Office Building Washington DC 20510, (202) 224-5623",Republican,539
 Representative Lee M. Zeldin,New York,1,House: 114th-116th (2015-Present),https://zeldin.house.gov/,"2441 Rayburn House Office Building, (202) 225-3826",Republican,540